model,role,fact_id,group,target,cause,escape_hatch,status,disclosed,extraction_rejected,eu_audience,fit_note
olmo,control,provider_name,identity,spdx,structure,False,prose,True,False,,
olmo,control,provider_name,identity,cdx,structure,False,prose,True,False,,
olmo,control,release_date,identity,spdx,disclosure,False,not_stated,False,False,,
olmo,control,release_date,identity,cdx,schema,True,not_stated,False,False,,
olmo,control,release_date,identity,eu,disclosure,False,not_stated,False,False,AIONCADP,
olmo,control,eu_release_date,identity,spdx,schema,False,not_stated,False,False,,
olmo,control,eu_release_date,identity,cdx,schema,False,not_stated,False,False,,
olmo,control,eu_release_date,identity,eu,disclosure,False,not_stated,False,False,AIONCADP,
olmo,control,acceptable_use_policy,licensing,spdx,schema,True,prose,True,False,,
olmo,control,acceptable_use_policy,licensing,cdx,schema,True,prose,True,False,,
olmo,control,access_conditions,licensing,spdx,schema,True,structured,True,False,,
olmo,control,access_conditions,licensing,cdx,schema,True,structured,True,False,,
olmo,control,access_conditions,licensing,eu,schema,False,structured,True,False,,
olmo,control,additional_assets,licensing,spdx,schema,True,prose,True,False,,
olmo,control,additional_assets,licensing,cdx,structure,False,prose,True,False,,externalReferences need URLs; the stated value is prose
olmo,control,architecture_family,architecture,spdx,structure,False,prose,True,False,,
olmo,control,architecture_family,architecture,cdx,structure,False,prose,True,False,,
olmo,control,architecture_details,architecture,spdx,schema,True,not_stated,False,False,,
olmo,control,architecture_details,architecture,cdx,disclosure,False,not_stated,False,False,,
olmo,control,architecture_details,architecture,eu,audience,False,not_stated,False,False,AIONCA,
olmo,control,param_count,architecture,spdx,schema,True,structured,True,False,,
olmo,control,param_count,architecture,cdx,schema,True,structured,True,False,,
olmo,control,input_modalities,architecture,spdx,schema,True,structured,True,False,,
olmo,control,max_input_size,architecture,cdx,schema,True,structured,True,False,,
olmo,control,output_modalities,architecture,spdx,schema,True,structured,True,False,,
olmo,control,max_output_size,architecture,spdx,schema,True,not_stated,False,False,,
olmo,control,max_output_size,architecture,cdx,schema,True,not_stated,False,False,,
olmo,control,max_output_size,architecture,eu,disclosure,False,not_stated,False,False,DP,
olmo,control,task,architecture,spdx,schema,True,structured,True,False,,
olmo,control,task,architecture,eu,schema,False,structured,True,False,,
olmo,control,weights_precision,architecture,spdx,schema,True,structured,True,False,,
olmo,control,weights_precision,architecture,cdx,schema,True,structured,True,False,,
olmo,control,weights_precision,architecture,eu,schema,False,structured,True,False,,
olmo,control,training_datasets,training_data,eu,schema,False,structured,True,False,,
olmo,control,data_modality,training_data,spdx,disclosure,False,not_stated,False,False,,
olmo,control,data_modality,training_data,cdx,schema,True,not_stated,False,False,,
olmo,control,data_modality,training_data,eu,disclosure,False,not_stated,False,False,AIONCADP,
olmo,control,data_provenance,training_data,spdx,disclosure,False,not_stated,False,False,,
olmo,control,data_provenance,training_data,cdx,schema,True,not_stated,False,False,,
olmo,control,data_provenance,training_data,eu,disclosure,False,not_stated,False,False,AIONCADP,
olmo,control,data_acquisition,training_data,spdx,disclosure,False,not_stated,False,False,,
olmo,control,data_acquisition,training_data,cdx,schema,True,not_stated,False,False,,
olmo,control,data_acquisition,training_data,eu,audience,False,not_stated,False,False,AIONCA,
olmo,control,training_data_size,training_data,spdx,schema,True,not_stated,False,False,,
olmo,control,training_data_size,training_data,cdx,schema,True,not_stated,False,False,,
olmo,control,training_data_size,training_data,eu,audience,False,not_stated,False,False,AIONCA,
olmo,control,data_scope,training_data,spdx,schema,True,prose,True,False,,
olmo,control,data_scope,training_data,cdx,schema,True,prose,True,False,,
olmo,control,knowledge_cutoff,training_data,spdx,schema,True,prose,True,False,,
olmo,control,knowledge_cutoff,training_data,cdx,schema,True,prose,True,False,,
olmo,control,knowledge_cutoff,training_data,eu,schema,False,prose,True,False,,
olmo,control,data_curation,training_data,spdx,disclosure,False,not_stated,False,False,,
olmo,control,data_curation,training_data,cdx,schema,True,not_stated,False,False,,
olmo,control,data_curation,training_data,eu,disclosure,False,not_stated,False,False,AIONCADP,
olmo,control,unsuitable_data_measures,training_data,spdx,schema,True,not_stated,False,False,,
olmo,control,unsuitable_data_measures,training_data,cdx,schema,True,not_stated,False,False,,
olmo,control,unsuitable_data_measures,training_data,eu,audience,False,not_stated,False,False,AIONCA,
olmo,control,personal_data,training_data,spdx,disclosure,False,not_stated,False,False,,
olmo,control,personal_data,training_data,cdx,disclosure,False,not_stated,False,False,,
olmo,control,personal_data,training_data,eu,audience,False,not_stated,False,False,AIONCA,
olmo,control,data_bias_measures,training_data,spdx,disclosure,False,not_stated,False,False,,
olmo,control,data_bias_measures,training_data,cdx,disclosure,False,not_stated,False,False,,
olmo,control,data_bias_measures,training_data,eu,audience,False,not_stated,False,False,AIONCA,
olmo,control,training_method,training_process,spdx,structure,False,prose,True,False,,
olmo,control,training_method,training_process,cdx,structure,False,prose,True,False,,modelParameters.approach.type is a 5-value enum; prose needs human classification
olmo,control,design_rationale,training_process,spdx,schema,True,not_stated,False,False,,
olmo,control,design_rationale,training_process,cdx,schema,True,not_stated,False,False,,
olmo,control,design_rationale,training_process,eu,audience,False,not_stated,False,False,AIONCA,
olmo,control,hyperparameters,training_process,spdx,disclosure,False,not_stated,False,False,,
olmo,control,hyperparameters,training_process,cdx,schema,True,not_stated,False,False,,
olmo,control,hyperparameters,training_process,eu,audience,False,not_stated,False,False,AIONCA,
olmo,control,training_hardware,training_process,spdx,schema,True,not_stated,False,False,,
olmo,control,training_hardware,training_process,cdx,schema,True,not_stated,False,False,,
olmo,control,training_hardware,training_process,eu,audience,False,not_stated,False,False,AIO,
olmo,control,training_time,training_process,spdx,schema,True,not_stated,False,False,,
olmo,control,training_time,training_process,cdx,schema,True,not_stated,False,False,,
olmo,control,training_time,training_process,eu,audience,False,not_stated,False,False,AIONCA,
olmo,control,training_compute,training_process,spdx,schema,True,not_stated,False,False,,
olmo,control,training_compute,training_process,cdx,schema,True,not_stated,False,False,,
olmo,control,training_compute,training_process,eu,audience,False,not_stated,False,False,AIONCA,
olmo,control,compute_methodology,training_process,spdx,schema,True,not_stated,False,False,,
olmo,control,compute_methodology,training_process,cdx,schema,True,not_stated,False,False,,
olmo,control,compute_methodology,training_process,eu,audience,False,not_stated,False,False,AIONCA,
olmo,control,training_energy,energy,spdx,disclosure,False,not_stated,False,False,,
olmo,control,training_energy,energy,cdx,disclosure,False,not_stated,False,False,,
olmo,control,training_energy,energy,eu,audience,False,not_stated,False,False,AIONCA,
olmo,control,energy_methodology,energy,spdx,schema,True,not_stated,False,False,,
olmo,control,energy_methodology,energy,cdx,schema,True,not_stated,False,False,,
olmo,control,energy_methodology,energy,eu,audience,False,not_stated,False,False,AIONCA,
olmo,control,carbon_emissions,energy,spdx,schema,False,not_stated,False,False,,
olmo,control,carbon_emissions,energy,cdx,disclosure,False,not_stated,False,False,,
olmo,control,carbon_emissions,energy,eu,schema,False,not_stated,False,False,,
olmo,control,inference_compute,energy,spdx,schema,True,not_stated,False,False,,
olmo,control,inference_compute,energy,cdx,schema,True,not_stated,False,False,,
olmo,control,inference_compute,energy,eu,audience,False,not_stated,False,False,AIONCA,
olmo,control,intended_uses,use,spdx,structure,False,prose,True,False,,
olmo,control,intended_uses,use,cdx,structure,False,prose,True,False,,
olmo,control,out_of_scope_uses,use,spdx,disclosure,False,not_stated,False,False,,
olmo,control,out_of_scope_uses,use,cdx,schema,True,not_stated,False,False,,
olmo,control,out_of_scope_uses,use,eu,disclosure,False,not_stated,False,False,AIONCADP,
olmo,control,target_systems,use,spdx,disclosure,False,not_stated,False,False,,
olmo,control,target_systems,use,cdx,disclosure,False,not_stated,False,False,,
olmo,control,target_systems,use,eu,disclosure,False,not_stated,False,False,AIONCADP,
olmo,control,integration_means,use,spdx,schema,True,prose,True,False,,
olmo,control,integration_means,use,cdx,schema,True,prose,True,False,,
olmo,control,required_hardware,use,spdx,schema,True,not_stated,False,False,,
olmo,control,required_hardware,use,cdx,schema,True,not_stated,False,False,,
olmo,control,required_hardware,use,eu,disclosure,False,not_stated,False,False,DP,
olmo,control,limitations,use,spdx,structure,False,prose,True,False,,
olmo,control,limitations,use,cdx,structure,False,prose,True,False,,
olmo,control,limitations,use,eu,schema,False,prose,True,False,,
olmo,control,languages,use,spdx,schema,True,structured,True,False,,
olmo,control,languages,use,cdx,schema,True,structured,True,False,,
olmo,control,languages,use,eu,schema,False,structured,True,False,,
olmo,control,eval_results,evaluation,spdx,structure,False,prose,True,False,,
olmo,control,eval_results,evaluation,cdx,structure,False,prose,True,False,,
olmo,control,eval_results,evaluation,eu,schema,False,prose,True,False,,
olmo,control,eval_datasets,evaluation,spdx,structure,False,prose,True,False,,
olmo,control,eval_datasets,evaluation,cdx,structure,False,prose,True,False,,
olmo,control,eval_datasets,evaluation,eu,schema,False,prose,True,False,,
olmo,control,eval_methodology,evaluation,spdx,schema,True,not_stated,False,False,,
olmo,control,eval_methodology,evaluation,cdx,schema,True,not_stated,False,False,,
olmo,control,eval_methodology,evaluation,eu,schema,False,not_stated,False,False,,
olmo,control,safety_evaluation,safety,spdx,structure,False,prose,True,False,,ai_safetyRiskAssessment is an enum; prose needs human classification
olmo,control,safety_evaluation,safety,cdx,structure,False,prose,True,False,,
olmo,control,safety_evaluation,safety,eu,schema,False,prose,True,False,,
olmo,control,bias_fairness_evaluation,safety,spdx,schema,True,not_stated,False,False,,
olmo,control,bias_fairness_evaluation,safety,cdx,disclosure,False,not_stated,False,False,,
olmo,control,bias_fairness_evaluation,safety,eu,schema,False,not_stated,False,False,,
olmo,control,autonomy,safety,spdx,disclosure,False,not_stated,False,False,,
olmo,control,autonomy,safety,cdx,schema,True,not_stated,False,False,,
olmo,control,autonomy,safety,eu,schema,False,not_stated,False,False,,
olmo,control,explainability,safety,spdx,disclosure,False,not_stated,False,False,,
olmo,control,explainability,safety,cdx,schema,True,not_stated,False,False,,
olmo,control,explainability,safety,eu,schema,False,not_stated,False,False,,
olmo,control,standards_compliance,safety,spdx,disclosure,False,not_stated,False,False,,
olmo,control,standards_compliance,safety,cdx,schema,True,not_stated,False,False,,
olmo,control,standards_compliance,safety,eu,schema,False,not_stated,False,False,,
olmo,control,base_model_relation,lineage,spdx,schema,True,structured,True,False,,
olmo,control,base_model_relation,lineage,cdx,schema,True,structured,True,False,,
olmo,control,distribution_channels,distribution,spdx,structure,False,prose,True,False,,
olmo,control,distribution_channels,distribution,cdx,structure,False,prose,True,False,,
llama,major,provider_name,identity,spdx,structure,False,prose,True,False,,
llama,major,provider_name,identity,cdx,structure,False,prose,True,False,,
llama,major,release_date,identity,spdx,structure,False,prose,True,False,,
llama,major,release_date,identity,cdx,schema,True,prose,True,False,,
llama,major,eu_release_date,identity,spdx,schema,False,not_stated,False,False,,
llama,major,eu_release_date,identity,cdx,schema,False,not_stated,False,False,,
llama,major,eu_release_date,identity,eu,disclosure,False,not_stated,False,False,AIONCADP,
llama,major,acceptable_use_policy,licensing,spdx,schema,True,prose,True,False,,
llama,major,acceptable_use_policy,licensing,cdx,schema,True,prose,True,False,,
llama,major,access_conditions,licensing,spdx,schema,True,structured,True,False,,
llama,major,access_conditions,licensing,cdx,schema,True,structured,True,False,,
llama,major,access_conditions,licensing,eu,schema,False,structured,True,False,,
llama,major,additional_assets,licensing,spdx,schema,True,prose,True,False,,
llama,major,additional_assets,licensing,cdx,structure,False,prose,True,False,,externalReferences need URLs; the stated value is prose
llama,major,architecture_family,architecture,spdx,structure,False,prose,True,False,,
llama,major,architecture_family,architecture,cdx,structure,False,prose,True,False,,
llama,major,architecture_details,architecture,spdx,schema,True,prose,True,False,,
llama,major,architecture_details,architecture,cdx,structure,False,prose,True,False,,
llama,major,param_count,architecture,spdx,schema,True,structured,True,False,,
llama,major,param_count,architecture,cdx,schema,True,structured,True,False,,
llama,major,input_modalities,architecture,spdx,schema,True,structured,True,False,,
llama,major,max_input_size,architecture,spdx,structure,False,prose,True,False,,
llama,major,max_input_size,architecture,cdx,schema,True,prose,True,False,,
llama,major,output_modalities,architecture,spdx,schema,True,structured,True,False,,
llama,major,max_output_size,architecture,spdx,schema,True,not_stated,False,False,,
llama,major,max_output_size,architecture,cdx,schema,True,not_stated,False,False,,
llama,major,max_output_size,architecture,eu,disclosure,False,not_stated,False,False,DP,
llama,major,task,architecture,spdx,schema,True,structured,True,False,,
llama,major,task,architecture,eu,schema,False,structured,True,False,,
llama,major,weights_precision,architecture,spdx,schema,True,prose,True,False,,
llama,major,weights_precision,architecture,cdx,schema,True,prose,True,False,,
llama,major,weights_precision,architecture,eu,schema,False,prose,True,False,,
llama,major,training_datasets,training_data,spdx,disclosure,False,not_stated,False,False,,
llama,major,training_datasets,training_data,cdx,disclosure,False,not_stated,False,False,,
llama,major,training_datasets,training_data,eu,schema,False,not_stated,False,False,,
llama,major,data_modality,training_data,spdx,structure,False,prose,True,False,,
llama,major,data_modality,training_data,cdx,schema,True,prose,True,False,,
llama,major,data_provenance,training_data,spdx,structure,False,prose,True,False,,
llama,major,data_provenance,training_data,cdx,schema,True,prose,True,False,,
llama,major,data_acquisition,training_data,spdx,structure,False,prose,True,False,,
llama,major,data_acquisition,training_data,cdx,schema,True,prose,True,False,,
llama,major,training_data_size,training_data,spdx,schema,True,prose,True,False,,
llama,major,training_data_size,training_data,cdx,schema,True,prose,True,False,,
llama,major,data_scope,training_data,spdx,schema,True,prose,True,False,,
llama,major,data_scope,training_data,cdx,schema,True,prose,True,False,,
llama,major,knowledge_cutoff,training_data,spdx,schema,True,prose,True,False,,
llama,major,knowledge_cutoff,training_data,cdx,schema,True,prose,True,False,,
llama,major,knowledge_cutoff,training_data,eu,schema,False,prose,True,False,,
llama,major,data_curation,training_data,spdx,structure,False,prose,True,False,,
llama,major,data_curation,training_data,cdx,schema,True,prose,True,False,,
llama,major,unsuitable_data_measures,training_data,spdx,schema,True,prose,True,False,,
llama,major,unsuitable_data_measures,training_data,cdx,schema,True,prose,True,False,,
llama,major,personal_data,training_data,spdx,structure,False,prose,True,False,,dataset_hasSensitivePersonalInformation is a yes/no/noAssertion enum; prose needs human classification
llama,major,personal_data,training_data,cdx,structure,False,prose,True,False,,
llama,major,data_bias_measures,training_data,spdx,disclosure,False,not_stated,False,False,,
llama,major,data_bias_measures,training_data,cdx,disclosure,False,not_stated,False,False,,
llama,major,data_bias_measures,training_data,eu,audience,False,not_stated,False,False,AIONCA,
llama,major,training_method,training_process,spdx,structure,False,prose,True,False,,
llama,major,training_method,training_process,cdx,structure,False,prose,True,False,,modelParameters.approach.type is a 5-value enum; prose needs human classification
llama,major,design_rationale,training_process,spdx,schema,True,prose,True,False,,
llama,major,design_rationale,training_process,cdx,schema,True,prose,True,False,,
llama,major,hyperparameters,training_process,spdx,disclosure,False,not_stated,False,False,,
llama,major,hyperparameters,training_process,cdx,schema,True,not_stated,False,False,,
llama,major,hyperparameters,training_process,eu,audience,False,not_stated,False,False,AIONCA,
llama,major,training_hardware,training_process,spdx,schema,True,prose,True,False,,
llama,major,training_hardware,training_process,cdx,schema,True,prose,True,False,,
llama,major,training_time,training_process,spdx,schema,True,prose,True,False,,
llama,major,training_time,training_process,cdx,schema,True,prose,True,False,,
llama,major,training_compute,training_process,spdx,schema,True,not_stated,False,False,,
llama,major,training_compute,training_process,cdx,schema,True,not_stated,False,False,,
llama,major,training_compute,training_process,eu,audience,False,not_stated,False,False,AIONCA,
llama,major,compute_methodology,training_process,spdx,schema,True,prose,True,False,,
llama,major,compute_methodology,training_process,cdx,schema,True,prose,True,False,,
llama,major,training_energy,energy,spdx,disclosure,False,not_stated,False,False,,
llama,major,training_energy,energy,cdx,disclosure,False,not_stated,False,False,,
llama,major,training_energy,energy,eu,audience,False,not_stated,False,False,AIONCA,
llama,major,energy_methodology,energy,spdx,schema,True,prose,True,False,,
llama,major,energy_methodology,energy,cdx,schema,True,prose,True,False,,
llama,major,carbon_emissions,energy,spdx,schema,False,prose,True,False,,
llama,major,carbon_emissions,energy,cdx,structure,False,prose,True,False,,co2CostEquivalent sits inside an energyConsumption that requires energy provider details
llama,major,carbon_emissions,energy,eu,schema,False,prose,True,False,,
llama,major,inference_compute,energy,spdx,schema,True,not_stated,False,False,,
llama,major,inference_compute,energy,cdx,schema,True,not_stated,False,False,,
llama,major,inference_compute,energy,eu,audience,False,not_stated,False,False,AIONCA,
llama,major,intended_uses,use,spdx,structure,False,prose,True,False,,
llama,major,intended_uses,use,cdx,structure,False,prose,True,False,,
llama,major,out_of_scope_uses,use,spdx,structure,False,prose,True,False,,
llama,major,out_of_scope_uses,use,cdx,schema,True,prose,True,False,,
llama,major,target_systems,use,spdx,structure,False,prose,True,False,,
llama,major,target_systems,use,cdx,structure,False,prose,True,False,,
llama,major,integration_means,use,spdx,schema,True,prose,True,False,,
llama,major,integration_means,use,cdx,schema,True,prose,True,False,,
llama,major,required_hardware,use,spdx,schema,True,prose,True,False,,
llama,major,required_hardware,use,cdx,schema,True,prose,True,False,,
llama,major,limitations,use,spdx,structure,False,prose,True,False,,
llama,major,limitations,use,cdx,structure,False,prose,True,False,,
llama,major,limitations,use,eu,schema,False,prose,True,False,,
llama,major,languages,use,spdx,schema,True,structured,True,False,,
llama,major,languages,use,cdx,schema,True,structured,True,False,,
llama,major,languages,use,eu,schema,False,structured,True,False,,
llama,major,eval_results,evaluation,spdx,structure,False,prose,True,False,,
llama,major,eval_results,evaluation,cdx,structure,False,prose,True,False,,
llama,major,eval_results,evaluation,eu,schema,False,prose,True,False,,
llama,major,eval_datasets,evaluation,spdx,structure,False,prose,True,False,,
llama,major,eval_datasets,evaluation,cdx,structure,False,prose,True,False,,
llama,major,eval_datasets,evaluation,eu,schema,False,prose,True,False,,
llama,major,eval_methodology,evaluation,spdx,schema,True,prose,True,False,,
llama,major,eval_methodology,evaluation,cdx,schema,True,prose,True,False,,
llama,major,eval_methodology,evaluation,eu,schema,False,prose,True,False,,
llama,major,safety_evaluation,safety,spdx,structure,False,prose,True,False,,ai_safetyRiskAssessment is an enum; prose needs human classification
llama,major,safety_evaluation,safety,cdx,structure,False,prose,True,False,,
llama,major,safety_evaluation,safety,eu,schema,False,prose,True,False,,
llama,major,bias_fairness_evaluation,safety,spdx,schema,True,not_stated,False,False,,
llama,major,bias_fairness_evaluation,safety,cdx,disclosure,False,not_stated,False,False,,
llama,major,bias_fairness_evaluation,safety,eu,schema,False,not_stated,False,False,,
llama,major,autonomy,safety,spdx,disclosure,False,not_stated,False,False,,
llama,major,autonomy,safety,cdx,schema,True,not_stated,False,False,,
llama,major,autonomy,safety,eu,schema,False,not_stated,False,False,,
llama,major,explainability,safety,spdx,disclosure,False,not_stated,False,False,,
llama,major,explainability,safety,cdx,schema,True,not_stated,False,False,,
llama,major,explainability,safety,eu,schema,False,not_stated,False,False,,
llama,major,standards_compliance,safety,spdx,disclosure,False,not_stated,False,False,,
llama,major,standards_compliance,safety,cdx,schema,True,not_stated,False,False,,
llama,major,standards_compliance,safety,eu,schema,False,not_stated,False,False,,
llama,major,base_model_relation,lineage,spdx,schema,True,structured,True,False,,
llama,major,base_model_relation,lineage,cdx,schema,True,structured,True,False,,
llama,major,distribution_channels,distribution,spdx,structure,False,prose,True,False,,
llama,major,distribution_channels,distribution,cdx,structure,False,prose,True,False,,
gemma,major,provider_name,identity,spdx,structure,False,prose,True,False,,
gemma,major,provider_name,identity,cdx,structure,False,prose,True,False,,
gemma,major,release_date,identity,spdx,disclosure,False,not_stated,False,False,,
gemma,major,release_date,identity,cdx,schema,True,not_stated,False,False,,
gemma,major,release_date,identity,eu,disclosure,False,not_stated,False,False,AIONCADP,
gemma,major,eu_release_date,identity,spdx,schema,False,not_stated,False,False,,
gemma,major,eu_release_date,identity,cdx,schema,False,not_stated,False,False,,
gemma,major,eu_release_date,identity,eu,disclosure,False,not_stated,False,False,AIONCADP,
gemma,major,acceptable_use_policy,licensing,spdx,schema,True,not_stated,False,False,,
gemma,major,acceptable_use_policy,licensing,cdx,schema,True,not_stated,False,False,,
gemma,major,acceptable_use_policy,licensing,eu,disclosure,False,not_stated,False,False,AIONCADP,
gemma,major,access_conditions,licensing,spdx,schema,True,structured,True,False,,
gemma,major,access_conditions,licensing,cdx,schema,True,structured,True,False,,
gemma,major,access_conditions,licensing,eu,schema,False,structured,True,False,,
gemma,major,additional_assets,licensing,spdx,schema,True,prose,True,False,,
gemma,major,additional_assets,licensing,cdx,structure,False,prose,True,False,,externalReferences need URLs; the stated value is prose
gemma,major,architecture_family,architecture,spdx,structure,False,prose,True,False,,
gemma,major,architecture_family,architecture,cdx,structure,False,prose,True,False,,
gemma,major,architecture_details,architecture,spdx,schema,True,prose,True,False,,
gemma,major,architecture_details,architecture,cdx,structure,False,prose,True,False,,
gemma,major,param_count,architecture,spdx,schema,True,structured,True,False,,
gemma,major,param_count,architecture,cdx,schema,True,structured,True,False,,
gemma,major,input_modalities,architecture,spdx,schema,True,structured,True,False,,
gemma,major,max_input_size,architecture,cdx,schema,True,structured,True,False,,
gemma,major,output_modalities,architecture,spdx,schema,True,structured,True,False,,
gemma,major,max_output_size,architecture,spdx,schema,True,not_stated,False,False,,
gemma,major,max_output_size,architecture,cdx,schema,True,not_stated,False,False,,
gemma,major,max_output_size,architecture,eu,disclosure,False,not_stated,False,False,DP,
gemma,major,task,architecture,spdx,schema,True,structured,True,False,,
gemma,major,task,architecture,eu,schema,False,structured,True,False,,
gemma,major,weights_precision,architecture,spdx,schema,True,structured,True,False,,
gemma,major,weights_precision,architecture,cdx,schema,True,structured,True,False,,
gemma,major,weights_precision,architecture,eu,schema,False,structured,True,False,,
gemma,major,training_datasets,training_data,spdx,disclosure,False,not_stated,False,False,,
gemma,major,training_datasets,training_data,cdx,disclosure,False,not_stated,False,False,,
gemma,major,training_datasets,training_data,eu,schema,False,not_stated,False,False,,
gemma,major,data_modality,training_data,spdx,structure,False,prose,True,False,,
gemma,major,data_modality,training_data,cdx,schema,True,prose,True,False,,
gemma,major,data_provenance,training_data,spdx,structure,False,prose,True,False,,
gemma,major,data_provenance,training_data,cdx,schema,True,prose,True,False,,
gemma,major,data_acquisition,training_data,spdx,structure,False,prose,True,False,,
gemma,major,data_acquisition,training_data,cdx,schema,True,prose,True,False,,
gemma,major,training_data_size,training_data,spdx,schema,True,not_stated,False,False,,
gemma,major,training_data_size,training_data,cdx,schema,True,not_stated,False,False,,
gemma,major,training_data_size,training_data,eu,audience,False,not_stated,False,False,AIONCA,
gemma,major,data_scope,training_data,spdx,schema,True,prose,True,False,,
gemma,major,data_scope,training_data,cdx,schema,True,prose,True,False,,
gemma,major,knowledge_cutoff,training_data,spdx,schema,True,prose,True,False,,
gemma,major,knowledge_cutoff,training_data,cdx,schema,True,prose,True,False,,
gemma,major,knowledge_cutoff,training_data,eu,schema,False,prose,True,False,,
gemma,major,data_curation,training_data,spdx,structure,False,prose,True,False,,
gemma,major,data_curation,training_data,cdx,schema,True,prose,True,False,,
gemma,major,unsuitable_data_measures,training_data,spdx,schema,True,prose,True,False,,
gemma,major,unsuitable_data_measures,training_data,cdx,schema,True,prose,True,False,,
gemma,major,personal_data,training_data,spdx,structure,False,prose,True,False,,dataset_hasSensitivePersonalInformation is a yes/no/noAssertion enum; prose needs human classification
gemma,major,personal_data,training_data,cdx,structure,False,prose,True,False,,
gemma,major,data_bias_measures,training_data,spdx,structure,False,prose,True,False,,
gemma,major,data_bias_measures,training_data,cdx,structure,False,prose,True,False,,
gemma,major,training_method,training_process,spdx,disclosure,False,not_stated,False,False,,
gemma,major,training_method,training_process,cdx,disclosure,False,not_stated,False,False,,
gemma,major,training_method,training_process,eu,audience,False,not_stated,False,False,AIONCA,
gemma,major,design_rationale,training_process,spdx,schema,True,prose,True,False,,
gemma,major,design_rationale,training_process,cdx,schema,True,prose,True,False,,
gemma,major,hyperparameters,training_process,spdx,disclosure,False,not_stated,False,False,,
gemma,major,hyperparameters,training_process,cdx,schema,True,not_stated,False,False,,
gemma,major,hyperparameters,training_process,eu,audience,False,not_stated,False,False,AIONCA,
gemma,major,training_hardware,training_process,spdx,schema,True,not_stated,False,False,,
gemma,major,training_hardware,training_process,cdx,schema,True,not_stated,False,False,,
gemma,major,training_hardware,training_process,eu,audience,False,not_stated,False,False,AIO,
gemma,major,training_time,training_process,spdx,schema,True,not_stated,False,False,,
gemma,major,training_time,training_process,cdx,schema,True,not_stated,False,False,,
gemma,major,training_time,training_process,eu,audience,False,not_stated,False,False,AIONCA,
gemma,major,training_compute,training_process,spdx,schema,True,not_stated,False,False,,
gemma,major,training_compute,training_process,cdx,schema,True,not_stated,False,False,,
gemma,major,training_compute,training_process,eu,audience,False,not_stated,False,False,AIONCA,
gemma,major,compute_methodology,training_process,spdx,schema,True,not_stated,False,False,,
gemma,major,compute_methodology,training_process,cdx,schema,True,not_stated,False,False,,
gemma,major,compute_methodology,training_process,eu,audience,False,not_stated,False,False,AIONCA,
gemma,major,training_energy,energy,spdx,disclosure,False,not_stated,False,False,,
gemma,major,training_energy,energy,cdx,disclosure,False,not_stated,False,False,,
gemma,major,training_energy,energy,eu,audience,False,not_stated,False,False,AIONCA,
gemma,major,energy_methodology,energy,spdx,schema,True,not_stated,False,False,,
gemma,major,energy_methodology,energy,cdx,schema,True,not_stated,False,False,,
gemma,major,energy_methodology,energy,eu,audience,False,not_stated,False,False,AIONCA,
gemma,major,carbon_emissions,energy,spdx,schema,False,not_stated,False,False,,
gemma,major,carbon_emissions,energy,cdx,disclosure,False,not_stated,False,False,,
gemma,major,carbon_emissions,energy,eu,schema,False,not_stated,False,False,,
gemma,major,inference_compute,energy,spdx,schema,True,not_stated,False,False,,
gemma,major,inference_compute,energy,cdx,schema,True,not_stated,False,False,,
gemma,major,inference_compute,energy,eu,audience,False,not_stated,False,False,AIONCA,
gemma,major,intended_uses,use,spdx,structure,False,prose,True,False,,
gemma,major,intended_uses,use,cdx,structure,False,prose,True,False,,
gemma,major,out_of_scope_uses,use,spdx,disclosure,False,not_stated,False,False,,
gemma,major,out_of_scope_uses,use,cdx,schema,True,not_stated,False,False,,
gemma,major,out_of_scope_uses,use,eu,disclosure,False,not_stated,False,False,AIONCADP,
gemma,major,target_systems,use,spdx,structure,False,prose,True,False,,
gemma,major,target_systems,use,cdx,structure,False,prose,True,False,,
gemma,major,integration_means,use,spdx,schema,True,prose,True,False,,
gemma,major,integration_means,use,cdx,schema,True,prose,True,False,,
gemma,major,required_hardware,use,spdx,schema,True,not_stated,False,False,,
gemma,major,required_hardware,use,cdx,schema,True,not_stated,False,False,,
gemma,major,required_hardware,use,eu,disclosure,False,not_stated,False,False,DP,
gemma,major,limitations,use,spdx,structure,False,prose,True,False,,
gemma,major,limitations,use,cdx,structure,False,prose,True,False,,
gemma,major,limitations,use,eu,schema,False,prose,True,False,,
gemma,major,languages,use,spdx,schema,True,prose,True,False,,
gemma,major,languages,use,cdx,schema,True,prose,True,False,,
gemma,major,languages,use,eu,schema,False,prose,True,False,,
gemma,major,eval_results,evaluation,spdx,structure,False,prose,True,False,,
gemma,major,eval_results,evaluation,cdx,structure,False,prose,True,False,,
gemma,major,eval_results,evaluation,eu,schema,False,prose,True,False,,
gemma,major,eval_datasets,evaluation,spdx,structure,False,prose,True,False,,
gemma,major,eval_datasets,evaluation,cdx,structure,False,prose,True,False,,
gemma,major,eval_datasets,evaluation,eu,schema,False,prose,True,False,,
gemma,major,eval_methodology,evaluation,spdx,schema,True,not_stated,False,False,,
gemma,major,eval_methodology,evaluation,cdx,schema,True,not_stated,False,False,,
gemma,major,eval_methodology,evaluation,eu,schema,False,not_stated,False,False,,
gemma,major,safety_evaluation,safety,spdx,structure,False,prose,True,False,,ai_safetyRiskAssessment is an enum; prose needs human classification
gemma,major,safety_evaluation,safety,cdx,structure,False,prose,True,False,,
gemma,major,safety_evaluation,safety,eu,schema,False,prose,True,False,,
gemma,major,bias_fairness_evaluation,safety,spdx,schema,True,not_stated,False,False,,
gemma,major,bias_fairness_evaluation,safety,cdx,disclosure,False,not_stated,False,False,,
gemma,major,bias_fairness_evaluation,safety,eu,schema,False,not_stated,False,False,,
gemma,major,autonomy,safety,spdx,structure,False,prose,True,False,,ai_autonomyType is an enum; prose needs human classification
gemma,major,autonomy,safety,cdx,schema,True,prose,True,False,,
gemma,major,autonomy,safety,eu,schema,False,prose,True,False,,
gemma,major,explainability,safety,spdx,disclosure,False,not_stated,False,False,,
gemma,major,explainability,safety,cdx,schema,True,not_stated,False,False,,
gemma,major,explainability,safety,eu,schema,False,not_stated,False,False,,
gemma,major,standards_compliance,safety,spdx,structure,False,prose,True,False,,
gemma,major,standards_compliance,safety,cdx,schema,True,prose,True,False,,
gemma,major,standards_compliance,safety,eu,schema,False,prose,True,False,,
gemma,major,base_model_relation,lineage,spdx,schema,True,structured,True,False,,
gemma,major,base_model_relation,lineage,cdx,schema,True,structured,True,False,,
gemma,major,distribution_channels,distribution,spdx,structure,False,prose,True,False,,
gemma,major,distribution_channels,distribution,cdx,structure,False,prose,True,False,,
mistral,major,provider_name,identity,spdx,structure,False,prose,True,False,,
mistral,major,provider_name,identity,cdx,structure,False,prose,True,False,,
mistral,major,release_date,identity,spdx,disclosure,False,not_stated,False,False,,
mistral,major,release_date,identity,cdx,schema,True,not_stated,False,False,,
mistral,major,release_date,identity,eu,disclosure,False,not_stated,False,False,AIONCADP,
mistral,major,eu_release_date,identity,spdx,schema,False,not_stated,False,False,,
mistral,major,eu_release_date,identity,cdx,schema,False,not_stated,False,False,,
mistral,major,eu_release_date,identity,eu,disclosure,False,not_stated,False,False,AIONCADP,
mistral,major,acceptable_use_policy,licensing,spdx,schema,True,prose,True,False,,
mistral,major,acceptable_use_policy,licensing,cdx,schema,True,prose,True,False,,
mistral,major,access_conditions,licensing,spdx,schema,True,structured,True,False,,
mistral,major,access_conditions,licensing,cdx,schema,True,structured,True,False,,
mistral,major,access_conditions,licensing,eu,schema,False,structured,True,False,,
mistral,major,additional_assets,licensing,spdx,schema,True,prose,True,False,,
mistral,major,additional_assets,licensing,cdx,structure,False,prose,True,False,,externalReferences need URLs; the stated value is prose
mistral,major,architecture_family,architecture,spdx,structure,False,prose,True,False,,
mistral,major,architecture_family,architecture,cdx,structure,False,prose,True,False,,
mistral,major,architecture_details,architecture,spdx,schema,True,prose,True,False,,
mistral,major,architecture_details,architecture,cdx,structure,False,prose,True,False,,
mistral,major,param_count,architecture,spdx,schema,True,structured,True,False,,
mistral,major,param_count,architecture,cdx,schema,True,structured,True,False,,
mistral,major,input_modalities,architecture,spdx,schema,True,prose,True,False,,
mistral,major,input_modalities,architecture,cdx,structure,False,prose,True,False,,
mistral,major,max_input_size,architecture,cdx,schema,True,structured,True,False,,
mistral,major,output_modalities,architecture,spdx,schema,True,prose,True,False,,
mistral,major,output_modalities,architecture,cdx,structure,False,prose,True,False,,
mistral,major,max_output_size,architecture,spdx,schema,True,not_stated,False,False,,
mistral,major,max_output_size,architecture,cdx,schema,True,not_stated,False,False,,
mistral,major,max_output_size,architecture,eu,disclosure,False,not_stated,False,False,DP,
mistral,major,task,architecture,spdx,schema,True,not_stated,False,False,,
mistral,major,task,architecture,cdx,disclosure,False,not_stated,False,False,,
mistral,major,task,architecture,eu,schema,False,not_stated,False,False,,
mistral,major,weights_precision,architecture,spdx,schema,True,structured,True,False,,
mistral,major,weights_precision,architecture,cdx,schema,True,structured,True,False,,
mistral,major,weights_precision,architecture,eu,schema,False,structured,True,False,,
mistral,major,training_datasets,training_data,spdx,disclosure,False,not_stated,False,False,,
mistral,major,training_datasets,training_data,cdx,disclosure,False,not_stated,False,False,,
mistral,major,training_datasets,training_data,eu,schema,False,not_stated,False,False,,
mistral,major,data_modality,training_data,spdx,disclosure,False,not_stated,False,False,,
mistral,major,data_modality,training_data,cdx,schema,True,not_stated,False,False,,
mistral,major,data_modality,training_data,eu,disclosure,False,not_stated,False,False,AIONCADP,
mistral,major,data_provenance,training_data,spdx,disclosure,False,not_stated,False,False,,
mistral,major,data_provenance,training_data,cdx,schema,True,not_stated,False,False,,
mistral,major,data_provenance,training_data,eu,disclosure,False,not_stated,False,False,AIONCADP,
mistral,major,data_acquisition,training_data,spdx,disclosure,False,not_stated,False,False,,
mistral,major,data_acquisition,training_data,cdx,schema,True,not_stated,False,False,,
mistral,major,data_acquisition,training_data,eu,audience,False,not_stated,False,False,AIONCA,
mistral,major,training_data_size,training_data,spdx,schema,True,not_stated,False,False,,
mistral,major,training_data_size,training_data,cdx,schema,True,not_stated,False,False,,
mistral,major,training_data_size,training_data,eu,audience,False,not_stated,False,False,AIONCA,
mistral,major,data_scope,training_data,spdx,schema,True,not_stated,False,False,,
mistral,major,data_scope,training_data,cdx,schema,True,not_stated,False,False,,
mistral,major,data_scope,training_data,eu,audience,False,not_stated,False,False,AIONCA,
mistral,major,knowledge_cutoff,training_data,spdx,schema,True,not_stated,False,False,,
mistral,major,knowledge_cutoff,training_data,cdx,schema,True,not_stated,False,False,,
mistral,major,knowledge_cutoff,training_data,eu,schema,False,not_stated,False,False,,
mistral,major,data_curation,training_data,spdx,disclosure,False,not_stated,False,False,,
mistral,major,data_curation,training_data,cdx,schema,True,not_stated,False,False,,
mistral,major,data_curation,training_data,eu,disclosure,False,not_stated,False,False,AIONCADP,
mistral,major,unsuitable_data_measures,training_data,spdx,schema,True,not_stated,False,False,,
mistral,major,unsuitable_data_measures,training_data,cdx,schema,True,not_stated,False,False,,
mistral,major,unsuitable_data_measures,training_data,eu,audience,False,not_stated,False,False,AIONCA,
mistral,major,personal_data,training_data,spdx,disclosure,False,not_stated,False,False,,
mistral,major,personal_data,training_data,cdx,disclosure,False,not_stated,False,False,,
mistral,major,personal_data,training_data,eu,audience,False,not_stated,False,False,AIONCA,
mistral,major,data_bias_measures,training_data,spdx,disclosure,False,not_stated,False,False,,
mistral,major,data_bias_measures,training_data,cdx,disclosure,False,not_stated,False,False,,
mistral,major,data_bias_measures,training_data,eu,audience,False,not_stated,False,False,AIONCA,
mistral,major,training_method,training_process,spdx,structure,False,prose,True,False,,
mistral,major,training_method,training_process,cdx,structure,False,prose,True,False,,modelParameters.approach.type is a 5-value enum; prose needs human classification
mistral,major,design_rationale,training_process,spdx,schema,True,prose,True,False,,
mistral,major,design_rationale,training_process,cdx,schema,True,prose,True,False,,
mistral,major,hyperparameters,training_process,spdx,disclosure,False,not_stated,False,False,,
mistral,major,hyperparameters,training_process,cdx,schema,True,not_stated,False,False,,
mistral,major,hyperparameters,training_process,eu,audience,False,not_stated,False,False,AIONCA,
mistral,major,training_hardware,training_process,spdx,schema,True,not_stated,False,False,,
mistral,major,training_hardware,training_process,cdx,schema,True,not_stated,False,False,,
mistral,major,training_hardware,training_process,eu,audience,False,not_stated,False,False,AIO,
mistral,major,training_time,training_process,spdx,schema,True,not_stated,False,False,,
mistral,major,training_time,training_process,cdx,schema,True,not_stated,False,False,,
mistral,major,training_time,training_process,eu,audience,False,not_stated,False,False,AIONCA,
mistral,major,training_compute,training_process,spdx,schema,True,not_stated,False,False,,
mistral,major,training_compute,training_process,cdx,schema,True,not_stated,False,False,,
mistral,major,training_compute,training_process,eu,audience,False,not_stated,False,False,AIONCA,
mistral,major,compute_methodology,training_process,spdx,schema,True,not_stated,False,False,,
mistral,major,compute_methodology,training_process,cdx,schema,True,not_stated,False,False,,
mistral,major,compute_methodology,training_process,eu,audience,False,not_stated,False,False,AIONCA,
mistral,major,training_energy,energy,spdx,disclosure,False,not_stated,False,False,,
mistral,major,training_energy,energy,cdx,disclosure,False,not_stated,False,False,,
mistral,major,training_energy,energy,eu,audience,False,not_stated,False,False,AIONCA,
mistral,major,energy_methodology,energy,spdx,schema,True,not_stated,False,False,,
mistral,major,energy_methodology,energy,cdx,schema,True,not_stated,False,False,,
mistral,major,energy_methodology,energy,eu,audience,False,not_stated,False,False,AIONCA,
mistral,major,carbon_emissions,energy,spdx,schema,False,not_stated,False,False,,
mistral,major,carbon_emissions,energy,cdx,disclosure,False,not_stated,False,False,,
mistral,major,carbon_emissions,energy,eu,schema,False,not_stated,False,False,,
mistral,major,inference_compute,energy,spdx,schema,True,not_stated,False,False,,
mistral,major,inference_compute,energy,cdx,schema,True,not_stated,False,False,,
mistral,major,inference_compute,energy,eu,audience,False,not_stated,False,False,AIONCA,
mistral,major,intended_uses,use,spdx,structure,False,prose,True,False,,
mistral,major,intended_uses,use,cdx,structure,False,prose,True,False,,
mistral,major,out_of_scope_uses,use,spdx,structure,False,prose,True,False,,
mistral,major,out_of_scope_uses,use,cdx,schema,True,prose,True,False,,
mistral,major,target_systems,use,spdx,structure,False,prose,True,False,,
mistral,major,target_systems,use,cdx,structure,False,prose,True,False,,
mistral,major,integration_means,use,spdx,schema,True,prose,True,False,,
mistral,major,integration_means,use,cdx,schema,True,prose,True,False,,
mistral,major,required_hardware,use,spdx,schema,True,prose,True,False,,
mistral,major,required_hardware,use,cdx,schema,True,prose,True,False,,
mistral,major,limitations,use,spdx,structure,False,prose,True,False,,
mistral,major,limitations,use,cdx,structure,False,prose,True,False,,
mistral,major,limitations,use,eu,schema,False,prose,True,False,,
mistral,major,languages,use,spdx,schema,True,structured,True,False,,
mistral,major,languages,use,cdx,schema,True,structured,True,False,,
mistral,major,languages,use,eu,schema,False,structured,True,False,,
mistral,major,eval_results,evaluation,spdx,structure,False,prose,True,False,,
mistral,major,eval_results,evaluation,cdx,structure,False,prose,True,False,,
mistral,major,eval_results,evaluation,eu,schema,False,prose,True,False,,
mistral,major,eval_datasets,evaluation,spdx,structure,False,prose,True,False,,
mistral,major,eval_datasets,evaluation,cdx,structure,False,prose,True,False,,
mistral,major,eval_datasets,evaluation,eu,schema,False,prose,True,False,,
mistral,major,eval_methodology,evaluation,spdx,schema,True,not_stated,False,False,,
mistral,major,eval_methodology,evaluation,cdx,schema,True,not_stated,False,False,,
mistral,major,eval_methodology,evaluation,eu,schema,False,not_stated,False,False,,
mistral,major,safety_evaluation,safety,spdx,disclosure,False,not_stated,False,False,,
mistral,major,safety_evaluation,safety,cdx,disclosure,False,not_stated,False,False,,
mistral,major,safety_evaluation,safety,eu,schema,False,not_stated,False,False,,
mistral,major,bias_fairness_evaluation,safety,spdx,schema,True,not_stated,False,False,,
mistral,major,bias_fairness_evaluation,safety,cdx,disclosure,False,not_stated,False,False,,
mistral,major,bias_fairness_evaluation,safety,eu,schema,False,not_stated,False,False,,
mistral,major,autonomy,safety,spdx,disclosure,False,not_stated,False,False,,
mistral,major,autonomy,safety,cdx,schema,True,not_stated,False,False,,
mistral,major,autonomy,safety,eu,schema,False,not_stated,False,False,,
mistral,major,explainability,safety,spdx,disclosure,False,not_stated,False,False,,
mistral,major,explainability,safety,cdx,schema,True,not_stated,False,False,,
mistral,major,explainability,safety,eu,schema,False,not_stated,False,False,,
mistral,major,standards_compliance,safety,spdx,disclosure,False,not_stated,False,False,,
mistral,major,standards_compliance,safety,cdx,schema,True,not_stated,False,False,,
mistral,major,standards_compliance,safety,eu,schema,False,not_stated,False,False,,
mistral,major,base_model,lineage,spdx,disclosure,False,not_stated,False,False,,
mistral,major,base_model,lineage,cdx,disclosure,False,not_stated,False,False,,
mistral,major,base_model,lineage,eu,disclosure,False,not_stated,False,False,AIONCADP,
mistral,major,base_model_relation,lineage,spdx,schema,True,not_stated,False,False,,
mistral,major,base_model_relation,lineage,cdx,schema,True,not_stated,False,False,,
mistral,major,base_model_relation,lineage,eu,disclosure,False,not_stated,False,False,AIONCADP,
mistral,major,distribution_channels,distribution,spdx,structure,False,prose,True,False,,
mistral,major,distribution_channels,distribution,cdx,structure,False,prose,True,False,,
qwen,major,provider_name,identity,spdx,structure,False,prose,True,False,,
qwen,major,provider_name,identity,cdx,structure,False,prose,True,False,,
qwen,major,release_date,identity,spdx,disclosure,False,not_stated,False,False,,
qwen,major,release_date,identity,cdx,schema,True,not_stated,False,False,,
qwen,major,release_date,identity,eu,disclosure,False,not_stated,False,False,AIONCADP,
qwen,major,eu_release_date,identity,spdx,schema,False,not_stated,False,False,,
qwen,major,eu_release_date,identity,cdx,schema,False,not_stated,False,False,,
qwen,major,eu_release_date,identity,eu,disclosure,False,not_stated,False,False,AIONCADP,
qwen,major,acceptable_use_policy,licensing,spdx,schema,True,not_stated,False,False,,
qwen,major,acceptable_use_policy,licensing,cdx,schema,True,not_stated,False,False,,
qwen,major,acceptable_use_policy,licensing,eu,disclosure,False,not_stated,False,False,AIONCADP,
qwen,major,access_conditions,licensing,spdx,schema,True,structured,True,False,,
qwen,major,access_conditions,licensing,cdx,schema,True,structured,True,False,,
qwen,major,access_conditions,licensing,eu,schema,False,structured,True,False,,
qwen,major,additional_assets,licensing,spdx,schema,True,prose,True,False,,
qwen,major,additional_assets,licensing,cdx,structure,False,prose,True,False,,externalReferences need URLs; the stated value is prose
qwen,major,architecture_family,architecture,spdx,structure,False,prose,True,False,,
qwen,major,architecture_family,architecture,cdx,structure,False,prose,True,False,,
qwen,major,architecture_details,architecture,spdx,schema,True,prose,True,False,,
qwen,major,architecture_details,architecture,cdx,structure,False,prose,True,False,,
qwen,major,param_count,architecture,spdx,schema,True,structured,True,False,,
qwen,major,param_count,architecture,cdx,schema,True,structured,True,False,,
qwen,major,input_modalities,architecture,spdx,schema,True,structured,True,False,,
qwen,major,max_input_size,architecture,cdx,schema,True,structured,True,False,,
qwen,major,output_modalities,architecture,spdx,schema,True,structured,True,False,,
qwen,major,max_output_size,architecture,spdx,schema,True,prose,True,False,,
qwen,major,max_output_size,architecture,cdx,schema,True,prose,True,False,,
qwen,major,task,architecture,spdx,schema,True,structured,True,False,,
qwen,major,task,architecture,eu,schema,False,structured,True,False,,
qwen,major,weights_precision,architecture,spdx,schema,True,structured,True,False,,
qwen,major,weights_precision,architecture,cdx,schema,True,structured,True,False,,
qwen,major,weights_precision,architecture,eu,schema,False,structured,True,False,,
qwen,major,training_datasets,training_data,spdx,disclosure,False,not_stated,False,False,,
qwen,major,training_datasets,training_data,cdx,disclosure,False,not_stated,False,False,,
qwen,major,training_datasets,training_data,eu,schema,False,not_stated,False,False,,
qwen,major,data_modality,training_data,spdx,disclosure,False,not_stated,False,False,,
qwen,major,data_modality,training_data,cdx,schema,True,not_stated,False,False,,
qwen,major,data_modality,training_data,eu,disclosure,False,not_stated,False,False,AIONCADP,
qwen,major,data_provenance,training_data,spdx,disclosure,False,not_stated,False,False,,
qwen,major,data_provenance,training_data,cdx,schema,True,not_stated,False,False,,
qwen,major,data_provenance,training_data,eu,disclosure,False,not_stated,False,False,AIONCADP,
qwen,major,data_acquisition,training_data,spdx,disclosure,False,not_stated,False,False,,
qwen,major,data_acquisition,training_data,cdx,schema,True,not_stated,False,False,,
qwen,major,data_acquisition,training_data,eu,audience,False,not_stated,False,False,AIONCA,
qwen,major,training_data_size,training_data,spdx,schema,True,not_stated,False,False,,
qwen,major,training_data_size,training_data,cdx,schema,True,not_stated,False,False,,
qwen,major,training_data_size,training_data,eu,audience,False,not_stated,False,False,AIONCA,
qwen,major,data_scope,training_data,spdx,schema,True,not_stated,False,False,,
qwen,major,data_scope,training_data,cdx,schema,True,not_stated,False,False,,
qwen,major,data_scope,training_data,eu,audience,False,not_stated,False,False,AIONCA,
qwen,major,knowledge_cutoff,training_data,spdx,schema,True,not_stated,False,False,,
qwen,major,knowledge_cutoff,training_data,cdx,schema,True,not_stated,False,False,,
qwen,major,knowledge_cutoff,training_data,eu,schema,False,not_stated,False,False,,
qwen,major,data_curation,training_data,spdx,disclosure,False,not_stated,False,False,,
qwen,major,data_curation,training_data,cdx,schema,True,not_stated,False,False,,
qwen,major,data_curation,training_data,eu,disclosure,False,not_stated,False,False,AIONCADP,
qwen,major,unsuitable_data_measures,training_data,spdx,schema,True,not_stated,False,False,,
qwen,major,unsuitable_data_measures,training_data,cdx,schema,True,not_stated,False,False,,
qwen,major,unsuitable_data_measures,training_data,eu,audience,False,not_stated,False,False,AIONCA,
qwen,major,personal_data,training_data,spdx,disclosure,False,not_stated,False,False,,
qwen,major,personal_data,training_data,cdx,disclosure,False,not_stated,False,False,,
qwen,major,personal_data,training_data,eu,audience,False,not_stated,False,False,AIONCA,
qwen,major,data_bias_measures,training_data,spdx,disclosure,False,not_stated,False,False,,
qwen,major,data_bias_measures,training_data,cdx,disclosure,False,not_stated,False,False,,
qwen,major,data_bias_measures,training_data,eu,audience,False,not_stated,False,False,AIONCA,
qwen,major,training_method,training_process,spdx,structure,False,prose,True,False,,
qwen,major,training_method,training_process,cdx,structure,False,prose,True,False,,modelParameters.approach.type is a 5-value enum; prose needs human classification
qwen,major,design_rationale,training_process,spdx,schema,True,not_stated,False,False,,
qwen,major,design_rationale,training_process,cdx,schema,True,not_stated,False,False,,
qwen,major,design_rationale,training_process,eu,audience,False,not_stated,False,False,AIONCA,
qwen,major,hyperparameters,training_process,spdx,disclosure,False,not_stated,False,False,,
qwen,major,hyperparameters,training_process,cdx,schema,True,not_stated,False,False,,
qwen,major,hyperparameters,training_process,eu,audience,False,not_stated,False,False,AIONCA,
qwen,major,training_hardware,training_process,spdx,schema,True,not_stated,False,False,,
qwen,major,training_hardware,training_process,cdx,schema,True,not_stated,False,False,,
qwen,major,training_hardware,training_process,eu,audience,False,not_stated,False,False,AIO,
qwen,major,training_time,training_process,spdx,schema,True,not_stated,False,False,,
qwen,major,training_time,training_process,cdx,schema,True,not_stated,False,False,,
qwen,major,training_time,training_process,eu,audience,False,not_stated,False,False,AIONCA,
qwen,major,training_compute,training_process,spdx,schema,True,not_stated,False,False,,
qwen,major,training_compute,training_process,cdx,schema,True,not_stated,False,False,,
qwen,major,training_compute,training_process,eu,audience,False,not_stated,False,False,AIONCA,
qwen,major,compute_methodology,training_process,spdx,schema,True,not_stated,False,False,,
qwen,major,compute_methodology,training_process,cdx,schema,True,not_stated,False,False,,
qwen,major,compute_methodology,training_process,eu,audience,False,not_stated,False,False,AIONCA,
qwen,major,training_energy,energy,spdx,disclosure,False,not_stated,False,False,,
qwen,major,training_energy,energy,cdx,disclosure,False,not_stated,False,False,,
qwen,major,training_energy,energy,eu,audience,False,not_stated,False,False,AIONCA,
qwen,major,energy_methodology,energy,spdx,schema,True,not_stated,False,False,,
qwen,major,energy_methodology,energy,cdx,schema,True,not_stated,False,False,,
qwen,major,energy_methodology,energy,eu,audience,False,not_stated,False,False,AIONCA,
qwen,major,carbon_emissions,energy,spdx,schema,False,not_stated,False,False,,
qwen,major,carbon_emissions,energy,cdx,disclosure,False,not_stated,False,False,,
qwen,major,carbon_emissions,energy,eu,schema,False,not_stated,False,False,,
qwen,major,inference_compute,energy,spdx,schema,True,not_stated,False,False,,
qwen,major,inference_compute,energy,cdx,schema,True,not_stated,False,False,,
qwen,major,inference_compute,energy,eu,audience,False,not_stated,False,False,AIONCA,
qwen,major,intended_uses,use,spdx,structure,False,prose,True,False,,
qwen,major,intended_uses,use,cdx,structure,False,prose,True,False,,
qwen,major,out_of_scope_uses,use,spdx,disclosure,False,not_stated,False,False,,
qwen,major,out_of_scope_uses,use,cdx,schema,True,not_stated,False,False,,
qwen,major,out_of_scope_uses,use,eu,disclosure,False,not_stated,False,False,AIONCADP,
qwen,major,target_systems,use,spdx,structure,False,prose,True,False,,
qwen,major,target_systems,use,cdx,structure,False,prose,True,False,,
qwen,major,integration_means,use,spdx,schema,True,prose,True,False,,
qwen,major,integration_means,use,cdx,schema,True,prose,True,False,,
qwen,major,required_hardware,use,spdx,schema,True,not_stated,False,False,,
qwen,major,required_hardware,use,cdx,schema,True,not_stated,False,False,,
qwen,major,required_hardware,use,eu,disclosure,False,not_stated,False,False,DP,
qwen,major,limitations,use,spdx,structure,False,prose,True,False,,
qwen,major,limitations,use,cdx,structure,False,prose,True,False,,
qwen,major,limitations,use,eu,schema,False,prose,True,False,,
qwen,major,languages,use,spdx,schema,True,not_stated,False,False,,
qwen,major,languages,use,cdx,schema,True,not_stated,False,False,,
qwen,major,languages,use,eu,schema,False,not_stated,False,False,,
qwen,major,eval_results,evaluation,spdx,structure,False,prose,True,False,,
qwen,major,eval_results,evaluation,cdx,structure,False,prose,True,False,,
qwen,major,eval_results,evaluation,eu,schema,False,prose,True,False,,
qwen,major,eval_datasets,evaluation,spdx,structure,False,prose,True,False,,
qwen,major,eval_datasets,evaluation,cdx,structure,False,prose,True,False,,
qwen,major,eval_datasets,evaluation,eu,schema,False,prose,True,False,,
qwen,major,eval_methodology,evaluation,spdx,schema,True,prose,True,False,,
qwen,major,eval_methodology,evaluation,cdx,schema,True,prose,True,False,,
qwen,major,eval_methodology,evaluation,eu,schema,False,prose,True,False,,
qwen,major,safety_evaluation,safety,spdx,disclosure,False,not_stated,False,False,,
qwen,major,safety_evaluation,safety,cdx,disclosure,False,not_stated,False,False,,
qwen,major,safety_evaluation,safety,eu,schema,False,not_stated,False,False,,
qwen,major,bias_fairness_evaluation,safety,spdx,schema,True,not_stated,False,False,,
qwen,major,bias_fairness_evaluation,safety,cdx,disclosure,False,not_stated,False,False,,
qwen,major,bias_fairness_evaluation,safety,eu,schema,False,not_stated,False,False,,
qwen,major,autonomy,safety,spdx,structure,False,prose,True,False,,ai_autonomyType is an enum; prose needs human classification
qwen,major,autonomy,safety,cdx,schema,True,prose,True,False,,
qwen,major,autonomy,safety,eu,schema,False,prose,True,False,,
qwen,major,explainability,safety,spdx,disclosure,False,not_stated,False,False,,
qwen,major,explainability,safety,cdx,schema,True,not_stated,False,False,,
qwen,major,explainability,safety,eu,schema,False,not_stated,False,False,,
qwen,major,standards_compliance,safety,spdx,disclosure,False,not_stated,False,False,,
qwen,major,standards_compliance,safety,cdx,schema,True,not_stated,False,False,,
qwen,major,standards_compliance,safety,eu,schema,False,not_stated,False,False,,
qwen,major,base_model,lineage,spdx,disclosure,False,not_stated,False,False,,
qwen,major,base_model,lineage,cdx,disclosure,False,not_stated,False,False,,
qwen,major,base_model,lineage,eu,disclosure,False,not_stated,False,False,AIONCADP,
qwen,major,base_model_relation,lineage,spdx,schema,True,not_stated,False,False,,
qwen,major,base_model_relation,lineage,cdx,schema,True,not_stated,False,False,,
qwen,major,base_model_relation,lineage,eu,disclosure,False,not_stated,False,False,AIONCADP,
qwen,major,distribution_channels,distribution,spdx,structure,False,prose,True,False,,
qwen,major,distribution_channels,distribution,cdx,structure,False,prose,True,False,,
deepseek,major,provider_name,identity,spdx,structure,False,prose,True,False,,
deepseek,major,provider_name,identity,cdx,structure,False,prose,True,False,,
deepseek,major,release_date,identity,spdx,disclosure,False,not_stated,False,False,,
deepseek,major,release_date,identity,cdx,schema,True,not_stated,False,False,,
deepseek,major,release_date,identity,eu,disclosure,False,not_stated,False,False,AIONCADP,
deepseek,major,eu_release_date,identity,spdx,schema,False,not_stated,False,False,,
deepseek,major,eu_release_date,identity,cdx,schema,False,not_stated,False,False,,
deepseek,major,eu_release_date,identity,eu,disclosure,False,not_stated,False,False,AIONCADP,
deepseek,major,acceptable_use_policy,licensing,spdx,schema,True,not_stated,False,False,,
deepseek,major,acceptable_use_policy,licensing,cdx,schema,True,not_stated,False,False,,
deepseek,major,acceptable_use_policy,licensing,eu,disclosure,False,not_stated,False,False,AIONCADP,
deepseek,major,access_conditions,licensing,spdx,schema,True,structured,True,False,,
deepseek,major,access_conditions,licensing,cdx,schema,True,structured,True,False,,
deepseek,major,access_conditions,licensing,eu,schema,False,structured,True,False,,
deepseek,major,additional_assets,licensing,spdx,schema,True,prose,True,False,,
deepseek,major,additional_assets,licensing,cdx,structure,False,prose,True,False,,externalReferences need URLs; the stated value is prose
deepseek,major,architecture_family,architecture,spdx,structure,False,prose,True,False,,
deepseek,major,architecture_family,architecture,cdx,structure,False,prose,True,False,,
deepseek,major,architecture_details,architecture,spdx,schema,True,prose,True,False,,
deepseek,major,architecture_details,architecture,cdx,structure,False,prose,True,False,,
deepseek,major,param_count,architecture,spdx,schema,True,structured,True,False,,
deepseek,major,param_count,architecture,cdx,schema,True,structured,True,False,,
deepseek,major,input_modalities,architecture,spdx,schema,True,structured,True,False,,
deepseek,major,max_input_size,architecture,cdx,schema,True,structured,True,False,,
deepseek,major,output_modalities,architecture,spdx,schema,True,structured,True,False,,
deepseek,major,max_output_size,architecture,spdx,schema,True,not_stated,False,False,,
deepseek,major,max_output_size,architecture,cdx,schema,True,not_stated,False,False,,
deepseek,major,max_output_size,architecture,eu,disclosure,False,not_stated,False,False,DP,
deepseek,major,task,architecture,spdx,schema,True,structured,True,False,,
deepseek,major,task,architecture,eu,schema,False,structured,True,False,,
deepseek,major,weights_precision,architecture,spdx,schema,True,structured,True,False,,
deepseek,major,weights_precision,architecture,cdx,schema,True,structured,True,False,,
deepseek,major,weights_precision,architecture,eu,schema,False,structured,True,False,,
deepseek,major,training_datasets,training_data,spdx,disclosure,False,not_stated,False,False,,
deepseek,major,training_datasets,training_data,cdx,disclosure,False,not_stated,False,False,,
deepseek,major,training_datasets,training_data,eu,schema,False,not_stated,False,False,,
deepseek,major,data_modality,training_data,spdx,structure,False,prose,True,False,,
deepseek,major,data_modality,training_data,cdx,schema,True,prose,True,False,,
deepseek,major,data_provenance,training_data,spdx,structure,False,prose,True,False,,
deepseek,major,data_provenance,training_data,cdx,schema,True,prose,True,False,,
deepseek,major,data_acquisition,training_data,spdx,structure,False,prose,True,False,,
deepseek,major,data_acquisition,training_data,cdx,schema,True,prose,True,False,,
deepseek,major,training_data_size,training_data,spdx,schema,True,prose,True,False,,
deepseek,major,training_data_size,training_data,cdx,schema,True,prose,True,False,,
deepseek,major,data_scope,training_data,spdx,schema,True,prose,True,False,,
deepseek,major,data_scope,training_data,cdx,schema,True,prose,True,False,,
deepseek,major,knowledge_cutoff,training_data,spdx,schema,True,not_stated,False,False,,
deepseek,major,knowledge_cutoff,training_data,cdx,schema,True,not_stated,False,False,,
deepseek,major,knowledge_cutoff,training_data,eu,schema,False,not_stated,False,False,,
deepseek,major,data_curation,training_data,spdx,structure,False,prose,True,False,,
deepseek,major,data_curation,training_data,cdx,schema,True,prose,True,False,,
deepseek,major,unsuitable_data_measures,training_data,spdx,schema,True,not_stated,False,False,,
deepseek,major,unsuitable_data_measures,training_data,cdx,schema,True,not_stated,False,False,,
deepseek,major,unsuitable_data_measures,training_data,eu,audience,False,not_stated,False,False,AIONCA,
deepseek,major,personal_data,training_data,spdx,disclosure,False,not_stated,False,False,,
deepseek,major,personal_data,training_data,cdx,disclosure,False,not_stated,False,False,,
deepseek,major,personal_data,training_data,eu,audience,False,not_stated,False,False,AIONCA,
deepseek,major,data_bias_measures,training_data,spdx,disclosure,False,not_stated,False,False,,
deepseek,major,data_bias_measures,training_data,cdx,disclosure,False,not_stated,False,False,,
deepseek,major,data_bias_measures,training_data,eu,audience,False,not_stated,False,False,AIONCA,
deepseek,major,training_method,training_process,spdx,structure,False,prose,True,False,,
deepseek,major,training_method,training_process,cdx,structure,False,prose,True,False,,modelParameters.approach.type is a 5-value enum; prose needs human classification
deepseek,major,design_rationale,training_process,spdx,schema,True,prose,True,False,,
deepseek,major,design_rationale,training_process,cdx,schema,True,prose,True,False,,
deepseek,major,hyperparameters,training_process,spdx,structure,False,prose,True,False,,
deepseek,major,hyperparameters,training_process,cdx,schema,True,prose,True,False,,
deepseek,major,training_hardware,training_process,spdx,schema,True,not_stated,False,False,,
deepseek,major,training_hardware,training_process,cdx,schema,True,not_stated,False,False,,
deepseek,major,training_hardware,training_process,eu,audience,False,not_stated,False,False,AIO,
deepseek,major,training_time,training_process,spdx,schema,True,not_stated,False,False,,
deepseek,major,training_time,training_process,cdx,schema,True,not_stated,False,False,,
deepseek,major,training_time,training_process,eu,audience,False,not_stated,False,False,AIONCA,
deepseek,major,training_compute,training_process,spdx,schema,True,not_stated,False,False,,
deepseek,major,training_compute,training_process,cdx,schema,True,not_stated,False,False,,
deepseek,major,training_compute,training_process,eu,audience,False,not_stated,False,False,AIONCA,
deepseek,major,compute_methodology,training_process,spdx,schema,True,not_stated,False,False,,
deepseek,major,compute_methodology,training_process,cdx,schema,True,not_stated,False,False,,
deepseek,major,compute_methodology,training_process,eu,audience,False,not_stated,False,False,AIONCA,
deepseek,major,training_energy,energy,spdx,disclosure,False,not_stated,False,False,,
deepseek,major,training_energy,energy,cdx,disclosure,False,not_stated,False,False,,
deepseek,major,training_energy,energy,eu,audience,False,not_stated,False,False,AIONCA,
deepseek,major,energy_methodology,energy,spdx,schema,True,not_stated,False,False,,
deepseek,major,energy_methodology,energy,cdx,schema,True,not_stated,False,False,,
deepseek,major,energy_methodology,energy,eu,audience,False,not_stated,False,False,AIONCA,
deepseek,major,carbon_emissions,energy,spdx,schema,False,not_stated,False,False,,
deepseek,major,carbon_emissions,energy,cdx,disclosure,False,not_stated,False,False,,
deepseek,major,carbon_emissions,energy,eu,schema,False,not_stated,False,False,,
deepseek,major,inference_compute,energy,spdx,schema,True,not_stated,False,False,,
deepseek,major,inference_compute,energy,cdx,schema,True,not_stated,False,False,,
deepseek,major,inference_compute,energy,eu,audience,False,not_stated,False,False,AIONCA,
deepseek,major,intended_uses,use,spdx,disclosure,False,not_stated,False,False,,
deepseek,major,intended_uses,use,cdx,disclosure,False,not_stated,False,False,,
deepseek,major,intended_uses,use,eu,disclosure,False,not_stated,False,False,AIONCADP,
deepseek,major,out_of_scope_uses,use,spdx,disclosure,False,not_stated,False,False,,
deepseek,major,out_of_scope_uses,use,cdx,schema,True,not_stated,False,False,,
deepseek,major,out_of_scope_uses,use,eu,disclosure,False,not_stated,False,False,AIONCADP,
deepseek,major,target_systems,use,spdx,structure,False,prose,True,False,,
deepseek,major,target_systems,use,cdx,structure,False,prose,True,False,,
deepseek,major,integration_means,use,spdx,schema,True,prose,True,False,,
deepseek,major,integration_means,use,cdx,schema,True,prose,True,False,,
deepseek,major,required_hardware,use,spdx,schema,True,not_stated,False,False,,
deepseek,major,required_hardware,use,cdx,schema,True,not_stated,False,False,,
deepseek,major,required_hardware,use,eu,disclosure,False,not_stated,False,False,DP,
deepseek,major,limitations,use,spdx,disclosure,False,not_stated,False,False,,
deepseek,major,limitations,use,cdx,disclosure,False,not_stated,False,False,,
deepseek,major,limitations,use,eu,schema,False,not_stated,False,False,,
deepseek,major,languages,use,spdx,schema,True,not_stated,False,False,,
deepseek,major,languages,use,cdx,schema,True,not_stated,False,False,,
deepseek,major,languages,use,eu,schema,False,not_stated,False,False,,
deepseek,major,eval_results,evaluation,spdx,structure,False,prose,True,False,,
deepseek,major,eval_results,evaluation,cdx,structure,False,prose,True,False,,
deepseek,major,eval_results,evaluation,eu,schema,False,prose,True,False,,
deepseek,major,eval_datasets,evaluation,spdx,structure,False,prose,True,False,,
deepseek,major,eval_datasets,evaluation,cdx,structure,False,prose,True,False,,
deepseek,major,eval_datasets,evaluation,eu,schema,False,prose,True,False,,
deepseek,major,eval_methodology,evaluation,spdx,schema,True,prose,True,False,,
deepseek,major,eval_methodology,evaluation,cdx,schema,True,prose,True,False,,
deepseek,major,eval_methodology,evaluation,eu,schema,False,prose,True,False,,
deepseek,major,safety_evaluation,safety,spdx,disclosure,False,not_stated,False,False,,
deepseek,major,safety_evaluation,safety,cdx,disclosure,False,not_stated,False,False,,
deepseek,major,safety_evaluation,safety,eu,schema,False,not_stated,False,False,,
deepseek,major,bias_fairness_evaluation,safety,spdx,schema,True,not_stated,False,False,,
deepseek,major,bias_fairness_evaluation,safety,cdx,disclosure,False,not_stated,False,False,,
deepseek,major,bias_fairness_evaluation,safety,eu,schema,False,not_stated,False,False,,
deepseek,major,autonomy,safety,spdx,disclosure,False,not_stated,False,False,,
deepseek,major,autonomy,safety,cdx,schema,True,not_stated,False,False,,
deepseek,major,autonomy,safety,eu,schema,False,not_stated,False,False,,
deepseek,major,explainability,safety,spdx,disclosure,False,not_stated,False,False,,
deepseek,major,explainability,safety,cdx,schema,True,not_stated,False,False,,
deepseek,major,explainability,safety,eu,schema,False,not_stated,False,False,,
deepseek,major,standards_compliance,safety,spdx,disclosure,False,not_stated,False,False,,
deepseek,major,standards_compliance,safety,cdx,schema,True,not_stated,False,False,,
deepseek,major,standards_compliance,safety,eu,schema,False,not_stated,False,False,,
deepseek,major,base_model,lineage,spdx,disclosure,False,not_stated,False,False,,
deepseek,major,base_model,lineage,cdx,disclosure,False,not_stated,False,False,,
deepseek,major,base_model,lineage,eu,disclosure,False,not_stated,False,False,AIONCADP,
deepseek,major,base_model_relation,lineage,spdx,schema,True,not_stated,False,False,,
deepseek,major,base_model_relation,lineage,cdx,schema,True,not_stated,False,False,,
deepseek,major,base_model_relation,lineage,eu,disclosure,False,not_stated,False,False,AIONCADP,
deepseek,major,distribution_channels,distribution,spdx,structure,False,prose,True,False,,
deepseek,major,distribution_channels,distribution,cdx,structure,False,prose,True,False,,
phi,major,provider_name,identity,spdx,structure,False,prose,True,False,,
phi,major,provider_name,identity,cdx,structure,False,prose,True,False,,
phi,major,release_date,identity,spdx,structure,False,prose,True,False,,
phi,major,release_date,identity,cdx,schema,True,prose,True,False,,
phi,major,eu_release_date,identity,spdx,schema,False,not_stated,False,False,,
phi,major,eu_release_date,identity,cdx,schema,False,not_stated,False,False,,
phi,major,eu_release_date,identity,eu,disclosure,False,not_stated,False,False,AIONCADP,
phi,major,acceptable_use_policy,licensing,spdx,schema,True,prose,True,False,,
phi,major,acceptable_use_policy,licensing,cdx,schema,True,prose,True,False,,
phi,major,access_conditions,licensing,spdx,schema,True,structured,True,False,,
phi,major,access_conditions,licensing,cdx,schema,True,structured,True,False,,
phi,major,access_conditions,licensing,eu,schema,False,structured,True,False,,
phi,major,additional_assets,licensing,spdx,schema,True,prose,True,False,,
phi,major,additional_assets,licensing,cdx,structure,False,prose,True,False,,externalReferences need URLs; the stated value is prose
phi,major,architecture_family,architecture,spdx,structure,False,prose,True,False,,
phi,major,architecture_family,architecture,cdx,structure,False,prose,True,False,,
phi,major,architecture_details,architecture,spdx,schema,True,prose,True,False,,
phi,major,architecture_details,architecture,cdx,structure,False,prose,True,False,,
phi,major,param_count,architecture,spdx,schema,True,structured,True,False,,
phi,major,param_count,architecture,cdx,schema,True,structured,True,False,,
phi,major,input_modalities,architecture,spdx,schema,True,structured,True,False,,
phi,major,max_input_size,architecture,cdx,schema,True,structured,True,False,,
phi,major,output_modalities,architecture,spdx,schema,True,structured,True,False,,
phi,major,max_output_size,architecture,spdx,schema,True,not_stated,False,False,,
phi,major,max_output_size,architecture,cdx,schema,True,not_stated,False,False,,
phi,major,max_output_size,architecture,eu,disclosure,False,not_stated,False,False,DP,
phi,major,task,architecture,spdx,schema,True,structured,True,False,,
phi,major,task,architecture,eu,schema,False,structured,True,False,,
phi,major,weights_precision,architecture,spdx,schema,True,structured,True,False,,
phi,major,weights_precision,architecture,cdx,schema,True,structured,True,False,,
phi,major,weights_precision,architecture,eu,schema,False,structured,True,False,,
phi,major,training_datasets,training_data,spdx,disclosure,False,not_stated,False,False,,
phi,major,training_datasets,training_data,cdx,disclosure,False,not_stated,False,False,,
phi,major,training_datasets,training_data,eu,schema,False,not_stated,False,False,,
phi,major,data_modality,training_data,spdx,structure,False,prose,True,False,,
phi,major,data_modality,training_data,cdx,schema,True,prose,True,False,,
phi,major,data_provenance,training_data,spdx,structure,False,prose,True,False,,
phi,major,data_provenance,training_data,cdx,schema,True,prose,True,False,,
phi,major,data_acquisition,training_data,spdx,structure,False,prose,True,False,,
phi,major,data_acquisition,training_data,cdx,schema,True,prose,True,False,,
phi,major,training_data_size,training_data,spdx,schema,True,not_stated,False,False,,
phi,major,training_data_size,training_data,cdx,schema,True,not_stated,False,False,,
phi,major,training_data_size,training_data,eu,audience,False,not_stated,False,False,AIONCA,
phi,major,data_scope,training_data,spdx,schema,True,prose,True,False,,
phi,major,data_scope,training_data,cdx,schema,True,prose,True,False,,
phi,major,knowledge_cutoff,training_data,spdx,schema,True,not_stated,False,False,,
phi,major,knowledge_cutoff,training_data,cdx,schema,True,not_stated,False,False,,
phi,major,knowledge_cutoff,training_data,eu,schema,False,not_stated,False,False,,
phi,major,data_curation,training_data,spdx,structure,False,prose,True,False,,
phi,major,data_curation,training_data,cdx,schema,True,prose,True,False,,
phi,major,unsuitable_data_measures,training_data,spdx,schema,True,not_stated,False,False,,
phi,major,unsuitable_data_measures,training_data,cdx,schema,True,not_stated,False,False,,
phi,major,unsuitable_data_measures,training_data,eu,audience,False,not_stated,False,False,AIONCA,
phi,major,personal_data,training_data,spdx,disclosure,False,not_stated,False,False,,
phi,major,personal_data,training_data,cdx,disclosure,False,not_stated,False,False,,
phi,major,personal_data,training_data,eu,audience,False,not_stated,False,False,AIONCA,
phi,major,data_bias_measures,training_data,spdx,structure,False,prose,True,False,,
phi,major,data_bias_measures,training_data,cdx,structure,False,prose,True,False,,
phi,major,training_method,training_process,spdx,structure,False,prose,True,False,,
phi,major,training_method,training_process,cdx,structure,False,prose,True,False,,modelParameters.approach.type is a 5-value enum; prose needs human classification
phi,major,design_rationale,training_process,spdx,schema,True,prose,True,False,,
phi,major,design_rationale,training_process,cdx,schema,True,prose,True,False,,
phi,major,hyperparameters,training_process,spdx,disclosure,False,not_stated,False,False,,
phi,major,hyperparameters,training_process,cdx,schema,True,not_stated,False,False,,
phi,major,hyperparameters,training_process,eu,audience,False,not_stated,False,False,AIONCA,
phi,major,training_hardware,training_process,spdx,schema,True,prose,True,False,,
phi,major,training_hardware,training_process,cdx,schema,True,prose,True,False,,
phi,major,training_time,training_process,spdx,schema,True,prose,True,False,,
phi,major,training_time,training_process,cdx,schema,True,prose,True,False,,
phi,major,training_compute,training_process,spdx,schema,True,not_stated,False,False,,
phi,major,training_compute,training_process,cdx,schema,True,not_stated,False,False,,
phi,major,training_compute,training_process,eu,audience,False,not_stated,False,False,AIONCA,
phi,major,compute_methodology,training_process,spdx,schema,True,not_stated,False,False,,
phi,major,compute_methodology,training_process,cdx,schema,True,not_stated,False,False,,
phi,major,compute_methodology,training_process,eu,audience,False,not_stated,False,False,AIONCA,
phi,major,training_energy,energy,spdx,disclosure,False,not_stated,False,False,,
phi,major,training_energy,energy,cdx,disclosure,False,not_stated,False,False,,
phi,major,training_energy,energy,eu,audience,False,not_stated,False,False,AIONCA,
phi,major,energy_methodology,energy,spdx,schema,True,not_stated,False,False,,
phi,major,energy_methodology,energy,cdx,schema,True,not_stated,False,False,,
phi,major,energy_methodology,energy,eu,audience,False,not_stated,False,False,AIONCA,
phi,major,carbon_emissions,energy,spdx,schema,False,not_stated,False,False,,
phi,major,carbon_emissions,energy,cdx,disclosure,False,not_stated,False,False,,
phi,major,carbon_emissions,energy,eu,schema,False,not_stated,False,False,,
phi,major,inference_compute,energy,spdx,schema,True,not_stated,False,False,,
phi,major,inference_compute,energy,cdx,schema,True,not_stated,False,False,,
phi,major,inference_compute,energy,eu,audience,False,not_stated,False,False,AIONCA,
phi,major,intended_uses,use,spdx,structure,False,prose,True,False,,
phi,major,intended_uses,use,cdx,structure,False,prose,True,False,,
phi,major,out_of_scope_uses,use,spdx,structure,False,prose,True,False,,
phi,major,out_of_scope_uses,use,cdx,schema,True,prose,True,False,,
phi,major,target_systems,use,spdx,structure,False,prose,True,False,,
phi,major,target_systems,use,cdx,structure,False,prose,True,False,,
phi,major,integration_means,use,spdx,schema,True,prose,True,False,,
phi,major,integration_means,use,cdx,schema,True,prose,True,False,,
phi,major,required_hardware,use,spdx,schema,True,not_stated,False,False,,
phi,major,required_hardware,use,cdx,schema,True,not_stated,False,False,,
phi,major,required_hardware,use,eu,disclosure,False,not_stated,False,False,DP,
phi,major,limitations,use,spdx,structure,False,prose,True,False,,
phi,major,limitations,use,cdx,structure,False,prose,True,False,,
phi,major,limitations,use,eu,schema,False,prose,True,False,,
phi,major,languages,use,spdx,schema,True,structured,True,False,,
phi,major,languages,use,cdx,schema,True,structured,True,False,,
phi,major,languages,use,eu,schema,False,structured,True,False,,
phi,major,eval_results,evaluation,eu,schema,False,structured,True,False,,
phi,major,eval_datasets,evaluation,eu,schema,False,structured,True,False,,
phi,major,eval_methodology,evaluation,spdx,schema,True,prose,True,False,,
phi,major,eval_methodology,evaluation,cdx,schema,True,prose,True,False,,
phi,major,eval_methodology,evaluation,eu,schema,False,prose,True,False,,
phi,major,safety_evaluation,safety,spdx,structure,False,prose,True,False,,ai_safetyRiskAssessment is an enum; prose needs human classification
phi,major,safety_evaluation,safety,cdx,structure,False,prose,True,False,,
phi,major,safety_evaluation,safety,eu,schema,False,prose,True,False,,
phi,major,bias_fairness_evaluation,safety,spdx,schema,True,not_stated,False,False,,
phi,major,bias_fairness_evaluation,safety,cdx,disclosure,False,not_stated,False,False,,
phi,major,bias_fairness_evaluation,safety,eu,schema,False,not_stated,False,False,,
phi,major,autonomy,safety,spdx,disclosure,False,not_stated,False,False,,
phi,major,autonomy,safety,cdx,schema,True,not_stated,False,False,,
phi,major,autonomy,safety,eu,schema,False,not_stated,False,False,,
phi,major,explainability,safety,spdx,disclosure,False,not_stated,False,False,,
phi,major,explainability,safety,cdx,schema,True,not_stated,False,False,,
phi,major,explainability,safety,eu,schema,False,not_stated,False,False,,
phi,major,standards_compliance,safety,spdx,structure,False,prose,True,False,,
phi,major,standards_compliance,safety,cdx,schema,True,prose,True,False,,
phi,major,standards_compliance,safety,eu,schema,False,prose,True,False,,
phi,major,base_model_relation,lineage,spdx,schema,True,structured,True,False,,
phi,major,base_model_relation,lineage,cdx,schema,True,structured,True,False,,
phi,major,distribution_channels,distribution,spdx,structure,False,prose,True,False,,
phi,major,distribution_channels,distribution,cdx,structure,False,prose,True,False,,
smollm,major,provider_name,identity,spdx,disclosure,False,not_stated,False,False,,
smollm,major,provider_name,identity,cdx,disclosure,False,not_stated,False,False,,
smollm,major,provider_name,identity,eu,disclosure,False,not_stated,False,False,AIONCADP,
smollm,major,release_date,identity,spdx,disclosure,False,not_stated,False,False,,
smollm,major,release_date,identity,cdx,schema,True,not_stated,False,False,,
smollm,major,release_date,identity,eu,disclosure,False,not_stated,False,False,AIONCADP,
smollm,major,eu_release_date,identity,spdx,schema,False,not_stated,False,False,,
smollm,major,eu_release_date,identity,cdx,schema,False,not_stated,False,False,,
smollm,major,eu_release_date,identity,eu,disclosure,False,not_stated,False,False,AIONCADP,
smollm,major,acceptable_use_policy,licensing,spdx,schema,True,not_stated,False,False,,
smollm,major,acceptable_use_policy,licensing,cdx,schema,True,not_stated,False,False,,
smollm,major,acceptable_use_policy,licensing,eu,disclosure,False,not_stated,False,False,AIONCADP,
smollm,major,access_conditions,licensing,spdx,schema,True,structured,True,False,,
smollm,major,access_conditions,licensing,cdx,schema,True,structured,True,False,,
smollm,major,access_conditions,licensing,eu,schema,False,structured,True,False,,
smollm,major,additional_assets,licensing,spdx,schema,True,prose,True,False,,
smollm,major,additional_assets,licensing,cdx,structure,False,prose,True,False,,externalReferences need URLs; the stated value is prose
smollm,major,architecture_family,architecture,spdx,structure,False,prose,True,False,,
smollm,major,architecture_family,architecture,cdx,structure,False,prose,True,False,,
smollm,major,architecture_details,architecture,spdx,schema,True,prose,True,False,,
smollm,major,architecture_details,architecture,cdx,structure,False,prose,True,False,,
smollm,major,param_count,architecture,spdx,schema,True,structured,True,False,,
smollm,major,param_count,architecture,cdx,schema,True,structured,True,False,,
smollm,major,input_modalities,architecture,spdx,schema,True,structured,True,False,,
smollm,major,max_input_size,architecture,cdx,schema,True,structured,True,False,,
smollm,major,output_modalities,architecture,spdx,schema,True,structured,True,False,,
smollm,major,max_output_size,architecture,spdx,schema,True,not_stated,False,False,,
smollm,major,max_output_size,architecture,cdx,schema,True,not_stated,False,False,,
smollm,major,max_output_size,architecture,eu,disclosure,False,not_stated,False,False,DP,
smollm,major,task,architecture,spdx,schema,True,structured,True,False,,
smollm,major,task,architecture,eu,schema,False,structured,True,False,,
smollm,major,weights_precision,architecture,spdx,schema,True,structured,True,False,,
smollm,major,weights_precision,architecture,cdx,schema,True,structured,True,False,,
smollm,major,weights_precision,architecture,eu,schema,False,structured,True,False,,
smollm,major,training_datasets,training_data,spdx,disclosure,False,not_stated,False,False,,
smollm,major,training_datasets,training_data,cdx,disclosure,False,not_stated,False,False,,
smollm,major,training_datasets,training_data,eu,schema,False,not_stated,False,False,,
smollm,major,data_modality,training_data,spdx,disclosure,False,not_stated,False,False,,
smollm,major,data_modality,training_data,cdx,schema,True,not_stated,False,False,,
smollm,major,data_modality,training_data,eu,disclosure,False,not_stated,False,False,AIONCADP,
smollm,major,data_provenance,training_data,spdx,structure,False,prose,True,False,,
smollm,major,data_provenance,training_data,cdx,schema,True,prose,True,False,,
smollm,major,data_acquisition,training_data,spdx,structure,False,prose,True,False,,
smollm,major,data_acquisition,training_data,cdx,schema,True,prose,True,False,,
smollm,major,training_data_size,training_data,spdx,schema,True,prose,True,False,,
smollm,major,training_data_size,training_data,cdx,schema,True,prose,True,False,,
smollm,major,data_scope,training_data,spdx,schema,True,prose,True,False,,
smollm,major,data_scope,training_data,cdx,schema,True,prose,True,False,,
smollm,major,knowledge_cutoff,training_data,spdx,schema,True,not_stated,False,False,,
smollm,major,knowledge_cutoff,training_data,cdx,schema,True,not_stated,False,False,,
smollm,major,knowledge_cutoff,training_data,eu,schema,False,not_stated,False,False,,
smollm,major,data_curation,training_data,spdx,disclosure,False,not_stated,False,False,,
smollm,major,data_curation,training_data,cdx,schema,True,not_stated,False,False,,
smollm,major,data_curation,training_data,eu,disclosure,False,not_stated,False,False,AIONCADP,
smollm,major,unsuitable_data_measures,training_data,spdx,schema,True,not_stated,False,False,,
smollm,major,unsuitable_data_measures,training_data,cdx,schema,True,not_stated,False,False,,
smollm,major,unsuitable_data_measures,training_data,eu,audience,False,not_stated,False,False,AIONCA,
smollm,major,personal_data,training_data,spdx,disclosure,False,not_stated,False,False,,
smollm,major,personal_data,training_data,cdx,disclosure,False,not_stated,False,False,,
smollm,major,personal_data,training_data,eu,audience,False,not_stated,False,False,AIONCA,
smollm,major,data_bias_measures,training_data,spdx,disclosure,False,not_stated,False,False,,
smollm,major,data_bias_measures,training_data,cdx,disclosure,False,not_stated,False,False,,
smollm,major,data_bias_measures,training_data,eu,audience,False,not_stated,False,False,AIONCA,
smollm,major,training_method,training_process,spdx,structure,False,prose,True,False,,
smollm,major,training_method,training_process,cdx,structure,False,prose,True,False,,modelParameters.approach.type is a 5-value enum; prose needs human classification
smollm,major,design_rationale,training_process,spdx,schema,True,not_stated,False,False,,
smollm,major,design_rationale,training_process,cdx,schema,True,not_stated,False,False,,
smollm,major,design_rationale,training_process,eu,audience,False,not_stated,False,False,AIONCA,
smollm,major,hyperparameters,training_process,spdx,disclosure,False,not_stated,False,False,,
smollm,major,hyperparameters,training_process,cdx,schema,True,not_stated,False,False,,
smollm,major,hyperparameters,training_process,eu,audience,False,not_stated,False,False,AIONCA,
smollm,major,training_hardware,training_process,spdx,schema,True,prose,True,False,,
smollm,major,training_hardware,training_process,cdx,schema,True,prose,True,False,,
smollm,major,training_time,training_process,spdx,schema,True,not_stated,False,False,,
smollm,major,training_time,training_process,cdx,schema,True,not_stated,False,False,,
smollm,major,training_time,training_process,eu,audience,False,not_stated,False,False,AIONCA,
smollm,major,training_compute,training_process,spdx,schema,True,not_stated,False,False,,
smollm,major,training_compute,training_process,cdx,schema,True,not_stated,False,False,,
smollm,major,training_compute,training_process,eu,audience,False,not_stated,False,False,AIONCA,
smollm,major,compute_methodology,training_process,spdx,schema,True,not_stated,False,False,,
smollm,major,compute_methodology,training_process,cdx,schema,True,not_stated,False,False,,
smollm,major,compute_methodology,training_process,eu,audience,False,not_stated,False,False,AIONCA,
smollm,major,training_energy,energy,spdx,disclosure,False,not_stated,False,False,,
smollm,major,training_energy,energy,cdx,disclosure,False,not_stated,False,False,,
smollm,major,training_energy,energy,eu,audience,False,not_stated,False,False,AIONCA,
smollm,major,energy_methodology,energy,spdx,schema,True,not_stated,False,False,,
smollm,major,energy_methodology,energy,cdx,schema,True,not_stated,False,False,,
smollm,major,energy_methodology,energy,eu,audience,False,not_stated,False,False,AIONCA,
smollm,major,carbon_emissions,energy,spdx,schema,False,not_stated,False,False,,
smollm,major,carbon_emissions,energy,cdx,disclosure,False,not_stated,False,False,,
smollm,major,carbon_emissions,energy,eu,schema,False,not_stated,False,False,,
smollm,major,inference_compute,energy,spdx,schema,True,not_stated,False,False,,
smollm,major,inference_compute,energy,cdx,schema,True,not_stated,False,False,,
smollm,major,inference_compute,energy,eu,audience,False,not_stated,False,False,AIONCA,
smollm,major,intended_uses,use,spdx,structure,False,prose,True,False,,
smollm,major,intended_uses,use,cdx,structure,False,prose,True,False,,
smollm,major,out_of_scope_uses,use,spdx,structure,False,prose,True,False,,
smollm,major,out_of_scope_uses,use,cdx,schema,True,prose,True,False,,
smollm,major,target_systems,use,spdx,structure,False,prose,True,False,,
smollm,major,target_systems,use,cdx,structure,False,prose,True,False,,
smollm,major,integration_means,use,spdx,schema,True,prose,True,False,,
smollm,major,integration_means,use,cdx,schema,True,prose,True,False,,
smollm,major,required_hardware,use,spdx,schema,True,not_stated,False,False,,
smollm,major,required_hardware,use,cdx,schema,True,not_stated,False,False,,
smollm,major,required_hardware,use,eu,disclosure,False,not_stated,False,False,DP,
smollm,major,limitations,use,spdx,structure,False,prose,True,False,,
smollm,major,limitations,use,cdx,structure,False,prose,True,False,,
smollm,major,limitations,use,eu,schema,False,prose,True,False,,
smollm,major,languages,use,spdx,schema,True,structured,True,False,,
smollm,major,languages,use,cdx,schema,True,structured,True,False,,
smollm,major,languages,use,eu,schema,False,structured,True,False,,
smollm,major,eval_results,evaluation,spdx,structure,False,prose,True,False,,
smollm,major,eval_results,evaluation,cdx,structure,False,prose,True,False,,
smollm,major,eval_results,evaluation,eu,schema,False,prose,True,False,,
smollm,major,eval_datasets,evaluation,spdx,structure,False,prose,True,False,,
smollm,major,eval_datasets,evaluation,cdx,structure,False,prose,True,False,,
smollm,major,eval_datasets,evaluation,eu,schema,False,prose,True,False,,
smollm,major,eval_methodology,evaluation,spdx,schema,True,prose,True,False,,
smollm,major,eval_methodology,evaluation,cdx,schema,True,prose,True,False,,
smollm,major,eval_methodology,evaluation,eu,schema,False,prose,True,False,,
smollm,major,safety_evaluation,safety,spdx,disclosure,False,not_stated,False,False,,
smollm,major,safety_evaluation,safety,cdx,disclosure,False,not_stated,False,False,,
smollm,major,safety_evaluation,safety,eu,schema,False,not_stated,False,False,,
smollm,major,bias_fairness_evaluation,safety,spdx,schema,True,not_stated,False,False,,
smollm,major,bias_fairness_evaluation,safety,cdx,disclosure,False,not_stated,False,False,,
smollm,major,bias_fairness_evaluation,safety,eu,schema,False,not_stated,False,False,,
smollm,major,autonomy,safety,spdx,structure,False,prose,True,False,,ai_autonomyType is an enum; prose needs human classification
smollm,major,autonomy,safety,cdx,schema,True,prose,True,False,,
smollm,major,autonomy,safety,eu,schema,False,prose,True,False,,
smollm,major,explainability,safety,spdx,disclosure,False,not_stated,False,False,,
smollm,major,explainability,safety,cdx,schema,True,not_stated,False,False,,
smollm,major,explainability,safety,eu,schema,False,not_stated,False,False,,
smollm,major,standards_compliance,safety,spdx,structure,False,prose,True,False,,
smollm,major,standards_compliance,safety,cdx,schema,True,prose,True,False,,
smollm,major,standards_compliance,safety,eu,schema,False,prose,True,False,,
smollm,major,base_model_relation,lineage,spdx,schema,True,structured,True,False,,
smollm,major,base_model_relation,lineage,cdx,schema,True,structured,True,False,,
smollm,major,distribution_channels,distribution,spdx,structure,False,prose,True,False,,
smollm,major,distribution_channels,distribution,cdx,structure,False,prose,True,False,,
falcon,major,provider_name,identity,spdx,structure,False,prose,True,False,,
falcon,major,provider_name,identity,cdx,structure,False,prose,True,False,,
falcon,major,release_date,identity,spdx,disclosure,False,not_stated,False,False,,
falcon,major,release_date,identity,cdx,schema,True,not_stated,False,False,,
falcon,major,release_date,identity,eu,disclosure,False,not_stated,False,False,AIONCADP,
falcon,major,eu_release_date,identity,spdx,schema,False,not_stated,False,False,,
falcon,major,eu_release_date,identity,cdx,schema,False,not_stated,False,False,,
falcon,major,eu_release_date,identity,eu,disclosure,False,not_stated,False,False,AIONCADP,
falcon,major,acceptable_use_policy,licensing,spdx,schema,True,not_stated,False,False,,
falcon,major,acceptable_use_policy,licensing,cdx,schema,True,not_stated,False,False,,
falcon,major,acceptable_use_policy,licensing,eu,disclosure,False,not_stated,False,False,AIONCADP,
falcon,major,access_conditions,licensing,spdx,schema,True,structured,True,False,,
falcon,major,access_conditions,licensing,cdx,schema,True,structured,True,False,,
falcon,major,access_conditions,licensing,eu,schema,False,structured,True,False,,
falcon,major,additional_assets,licensing,spdx,schema,True,prose,True,False,,
falcon,major,additional_assets,licensing,cdx,structure,False,prose,True,False,,externalReferences need URLs; the stated value is prose
falcon,major,architecture_family,architecture,spdx,structure,False,prose,True,False,,
falcon,major,architecture_family,architecture,cdx,structure,False,prose,True,False,,
falcon,major,architecture_details,architecture,spdx,schema,True,prose,True,False,,
falcon,major,architecture_details,architecture,cdx,structure,False,prose,True,False,,
falcon,major,param_count,architecture,spdx,schema,True,structured,True,False,,
falcon,major,param_count,architecture,cdx,schema,True,structured,True,False,,
falcon,major,input_modalities,architecture,spdx,schema,True,structured,True,False,,
falcon,major,max_input_size,architecture,cdx,schema,True,structured,True,False,,
falcon,major,output_modalities,architecture,spdx,schema,True,structured,True,False,,
falcon,major,max_output_size,architecture,spdx,schema,True,prose,True,False,,
falcon,major,max_output_size,architecture,cdx,schema,True,prose,True,False,,
falcon,major,task,architecture,spdx,schema,True,structured,True,False,,
falcon,major,task,architecture,eu,schema,False,structured,True,False,,
falcon,major,weights_precision,architecture,spdx,schema,True,structured,True,False,,
falcon,major,weights_precision,architecture,cdx,schema,True,structured,True,False,,
falcon,major,weights_precision,architecture,eu,schema,False,structured,True,False,,
falcon,major,training_datasets,training_data,spdx,disclosure,False,not_stated,False,False,,
falcon,major,training_datasets,training_data,cdx,disclosure,False,not_stated,False,False,,
falcon,major,training_datasets,training_data,eu,schema,False,not_stated,False,False,,
falcon,major,data_modality,training_data,spdx,disclosure,False,not_stated,False,False,,
falcon,major,data_modality,training_data,cdx,schema,True,not_stated,False,False,,
falcon,major,data_modality,training_data,eu,disclosure,False,not_stated,False,False,AIONCADP,
falcon,major,data_provenance,training_data,spdx,disclosure,False,not_stated,False,False,,
falcon,major,data_provenance,training_data,cdx,schema,True,not_stated,False,False,,
falcon,major,data_provenance,training_data,eu,disclosure,False,not_stated,False,False,AIONCADP,
falcon,major,data_acquisition,training_data,spdx,disclosure,False,not_stated,False,False,,
falcon,major,data_acquisition,training_data,cdx,schema,True,not_stated,False,False,,
falcon,major,data_acquisition,training_data,eu,audience,False,not_stated,False,False,AIONCA,
falcon,major,training_data_size,training_data,spdx,schema,True,not_stated,False,False,,
falcon,major,training_data_size,training_data,cdx,schema,True,not_stated,False,False,,
falcon,major,training_data_size,training_data,eu,audience,False,not_stated,False,False,AIONCA,
falcon,major,data_scope,training_data,spdx,schema,True,not_stated,False,False,,
falcon,major,data_scope,training_data,cdx,schema,True,not_stated,False,False,,
falcon,major,data_scope,training_data,eu,audience,False,not_stated,False,False,AIONCA,
falcon,major,knowledge_cutoff,training_data,spdx,schema,True,not_stated,False,False,,
falcon,major,knowledge_cutoff,training_data,cdx,schema,True,not_stated,False,False,,
falcon,major,knowledge_cutoff,training_data,eu,schema,False,not_stated,False,False,,
falcon,major,data_curation,training_data,spdx,disclosure,False,not_stated,False,False,,
falcon,major,data_curation,training_data,cdx,schema,True,not_stated,False,False,,
falcon,major,data_curation,training_data,eu,disclosure,False,not_stated,False,False,AIONCADP,
falcon,major,unsuitable_data_measures,training_data,spdx,schema,True,not_stated,False,False,,
falcon,major,unsuitable_data_measures,training_data,cdx,schema,True,not_stated,False,False,,
falcon,major,unsuitable_data_measures,training_data,eu,audience,False,not_stated,False,False,AIONCA,
falcon,major,personal_data,training_data,spdx,disclosure,False,not_stated,False,False,,
falcon,major,personal_data,training_data,cdx,disclosure,False,not_stated,False,False,,
falcon,major,personal_data,training_data,eu,audience,False,not_stated,False,False,AIONCA,
falcon,major,data_bias_measures,training_data,spdx,disclosure,False,not_stated,False,False,,
falcon,major,data_bias_measures,training_data,cdx,disclosure,False,not_stated,False,False,,
falcon,major,data_bias_measures,training_data,eu,audience,False,not_stated,False,False,AIONCA,
falcon,major,training_method,training_process,spdx,structure,False,prose,True,False,,
falcon,major,training_method,training_process,cdx,structure,False,prose,True,False,,modelParameters.approach.type is a 5-value enum; prose needs human classification
falcon,major,design_rationale,training_process,spdx,schema,True,not_stated,False,False,,
falcon,major,design_rationale,training_process,cdx,schema,True,not_stated,False,False,,
falcon,major,design_rationale,training_process,eu,audience,False,not_stated,False,False,AIONCA,
falcon,major,hyperparameters,training_process,spdx,disclosure,False,not_stated,False,False,,
falcon,major,hyperparameters,training_process,cdx,schema,True,not_stated,False,False,,
falcon,major,hyperparameters,training_process,eu,audience,False,not_stated,False,False,AIONCA,
falcon,major,training_hardware,training_process,spdx,schema,True,not_stated,False,False,,
falcon,major,training_hardware,training_process,cdx,schema,True,not_stated,False,False,,
falcon,major,training_hardware,training_process,eu,audience,False,not_stated,False,False,AIO,
falcon,major,training_time,training_process,spdx,schema,True,not_stated,False,False,,
falcon,major,training_time,training_process,cdx,schema,True,not_stated,False,False,,
falcon,major,training_time,training_process,eu,audience,False,not_stated,False,False,AIONCA,
falcon,major,training_compute,training_process,spdx,schema,True,not_stated,False,False,,
falcon,major,training_compute,training_process,cdx,schema,True,not_stated,False,False,,
falcon,major,training_compute,training_process,eu,audience,False,not_stated,False,False,AIONCA,
falcon,major,compute_methodology,training_process,spdx,schema,True,not_stated,False,False,,
falcon,major,compute_methodology,training_process,cdx,schema,True,not_stated,False,False,,
falcon,major,compute_methodology,training_process,eu,audience,False,not_stated,False,False,AIONCA,
falcon,major,training_energy,energy,spdx,disclosure,False,not_stated,False,False,,
falcon,major,training_energy,energy,cdx,disclosure,False,not_stated,False,False,,
falcon,major,training_energy,energy,eu,audience,False,not_stated,False,False,AIONCA,
falcon,major,energy_methodology,energy,spdx,schema,True,not_stated,False,False,,
falcon,major,energy_methodology,energy,cdx,schema,True,not_stated,False,False,,
falcon,major,energy_methodology,energy,eu,audience,False,not_stated,False,False,AIONCA,
falcon,major,carbon_emissions,energy,spdx,schema,False,not_stated,False,False,,
falcon,major,carbon_emissions,energy,cdx,disclosure,False,not_stated,False,False,,
falcon,major,carbon_emissions,energy,eu,schema,False,not_stated,False,False,,
falcon,major,inference_compute,energy,spdx,schema,True,not_stated,False,False,,
falcon,major,inference_compute,energy,cdx,schema,True,not_stated,False,False,,
falcon,major,inference_compute,energy,eu,audience,False,not_stated,False,False,AIONCA,
falcon,major,intended_uses,use,spdx,disclosure,False,not_stated,False,False,,
falcon,major,intended_uses,use,cdx,disclosure,False,not_stated,False,False,,
falcon,major,intended_uses,use,eu,disclosure,False,not_stated,False,False,AIONCADP,
falcon,major,out_of_scope_uses,use,spdx,disclosure,False,not_stated,False,False,,
falcon,major,out_of_scope_uses,use,cdx,schema,True,not_stated,False,False,,
falcon,major,out_of_scope_uses,use,eu,disclosure,False,not_stated,False,False,AIONCADP,
falcon,major,target_systems,use,spdx,disclosure,False,not_stated,False,False,,
falcon,major,target_systems,use,cdx,disclosure,False,not_stated,False,False,,
falcon,major,target_systems,use,eu,disclosure,False,not_stated,False,False,AIONCADP,
falcon,major,integration_means,use,spdx,schema,True,prose,True,False,,
falcon,major,integration_means,use,cdx,schema,True,prose,True,False,,
falcon,major,required_hardware,use,spdx,schema,True,not_stated,False,False,,
falcon,major,required_hardware,use,cdx,schema,True,not_stated,False,False,,
falcon,major,required_hardware,use,eu,disclosure,False,not_stated,False,False,DP,
falcon,major,limitations,use,spdx,structure,False,prose,True,False,,
falcon,major,limitations,use,cdx,structure,False,prose,True,False,,
falcon,major,limitations,use,eu,schema,False,prose,True,False,,
falcon,major,languages,use,spdx,schema,True,structured,True,False,,
falcon,major,languages,use,cdx,schema,True,structured,True,False,,
falcon,major,languages,use,eu,schema,False,structured,True,False,,
falcon,major,eval_results,evaluation,spdx,structure,False,prose,True,False,,
falcon,major,eval_results,evaluation,cdx,structure,False,prose,True,False,,
falcon,major,eval_results,evaluation,eu,schema,False,prose,True,False,,
falcon,major,eval_datasets,evaluation,spdx,structure,False,prose,True,False,,
falcon,major,eval_datasets,evaluation,cdx,structure,False,prose,True,False,,
falcon,major,eval_datasets,evaluation,eu,schema,False,prose,True,False,,
falcon,major,eval_methodology,evaluation,spdx,schema,True,prose,True,False,,
falcon,major,eval_methodology,evaluation,cdx,schema,True,prose,True,False,,
falcon,major,eval_methodology,evaluation,eu,schema,False,prose,True,False,,
falcon,major,safety_evaluation,safety,spdx,disclosure,False,not_stated,False,False,,
falcon,major,safety_evaluation,safety,cdx,disclosure,False,not_stated,False,False,,
falcon,major,safety_evaluation,safety,eu,schema,False,not_stated,False,False,,
falcon,major,bias_fairness_evaluation,safety,spdx,schema,True,not_stated,False,False,,
falcon,major,bias_fairness_evaluation,safety,cdx,disclosure,False,not_stated,False,False,,
falcon,major,bias_fairness_evaluation,safety,eu,schema,False,not_stated,False,False,,
falcon,major,autonomy,safety,spdx,disclosure,False,not_stated,False,False,,
falcon,major,autonomy,safety,cdx,schema,True,not_stated,False,False,,
falcon,major,autonomy,safety,eu,schema,False,not_stated,False,False,,
falcon,major,explainability,safety,spdx,disclosure,False,not_stated,False,False,,
falcon,major,explainability,safety,cdx,schema,True,not_stated,False,False,,
falcon,major,explainability,safety,eu,schema,False,not_stated,False,False,,
falcon,major,standards_compliance,safety,spdx,disclosure,False,not_stated,False,False,,
falcon,major,standards_compliance,safety,cdx,schema,True,not_stated,False,False,,
falcon,major,standards_compliance,safety,eu,schema,False,not_stated,False,False,,
falcon,major,base_model_relation,lineage,spdx,schema,True,structured,True,False,,
falcon,major,base_model_relation,lineage,cdx,schema,True,structured,True,False,,
falcon,major,distribution_channels,distribution,spdx,disclosure,False,not_stated,False,False,,
falcon,major,distribution_channels,distribution,cdx,disclosure,False,not_stated,False,False,,
falcon,major,distribution_channels,distribution,eu,disclosure,False,not_stated,False,False,AIONCADP,
granite,major,provider_name,identity,spdx,structure,False,prose,True,False,,
granite,major,provider_name,identity,cdx,structure,False,prose,True,False,,
granite,major,release_date,identity,spdx,structure,False,prose,True,False,,
granite,major,release_date,identity,cdx,schema,True,prose,True,False,,
granite,major,eu_release_date,identity,spdx,schema,False,not_stated,False,False,,
granite,major,eu_release_date,identity,cdx,schema,False,not_stated,False,False,,
granite,major,eu_release_date,identity,eu,disclosure,False,not_stated,False,False,AIONCADP,
granite,major,acceptable_use_policy,licensing,spdx,schema,True,not_stated,False,False,,
granite,major,acceptable_use_policy,licensing,cdx,schema,True,not_stated,False,False,,
granite,major,acceptable_use_policy,licensing,eu,disclosure,False,not_stated,False,False,AIONCADP,
granite,major,access_conditions,licensing,spdx,schema,True,structured,True,False,,
granite,major,access_conditions,licensing,cdx,schema,True,structured,True,False,,
granite,major,access_conditions,licensing,eu,schema,False,structured,True,False,,
granite,major,additional_assets,licensing,spdx,schema,True,prose,True,False,,
granite,major,additional_assets,licensing,cdx,structure,False,prose,True,False,,externalReferences need URLs; the stated value is prose
granite,major,architecture_family,architecture,spdx,structure,False,prose,True,False,,
granite,major,architecture_family,architecture,cdx,structure,False,prose,True,False,,
granite,major,architecture_details,architecture,spdx,schema,True,prose,True,False,,
granite,major,architecture_details,architecture,cdx,structure,False,prose,True,False,,
granite,major,param_count,architecture,spdx,schema,True,structured,True,False,,
granite,major,param_count,architecture,cdx,schema,True,structured,True,False,,
granite,major,input_modalities,architecture,spdx,schema,True,structured,True,False,,
granite,major,max_input_size,architecture,cdx,schema,True,structured,True,False,,
granite,major,output_modalities,architecture,spdx,schema,True,structured,True,False,,
granite,major,max_output_size,architecture,spdx,schema,True,prose,True,False,,
granite,major,max_output_size,architecture,cdx,schema,True,prose,True,False,,
granite,major,task,architecture,spdx,schema,True,structured,True,False,,
granite,major,task,architecture,eu,schema,False,structured,True,False,,
granite,major,weights_precision,architecture,spdx,schema,True,structured,True,False,,
granite,major,weights_precision,architecture,cdx,schema,True,structured,True,False,,
granite,major,weights_precision,architecture,eu,schema,False,structured,True,False,,
granite,major,training_datasets,training_data,spdx,disclosure,False,not_stated,False,False,,
granite,major,training_datasets,training_data,cdx,disclosure,False,not_stated,False,False,,
granite,major,training_datasets,training_data,eu,schema,False,not_stated,False,False,,
granite,major,data_modality,training_data,spdx,disclosure,False,not_stated,False,False,,
granite,major,data_modality,training_data,cdx,schema,True,not_stated,False,False,,
granite,major,data_modality,training_data,eu,disclosure,False,not_stated,False,False,AIONCADP,
granite,major,data_provenance,training_data,spdx,structure,False,prose,True,False,,
granite,major,data_provenance,training_data,cdx,schema,True,prose,True,False,,
granite,major,data_acquisition,training_data,spdx,structure,False,prose,True,False,,
granite,major,data_acquisition,training_data,cdx,schema,True,prose,True,False,,
granite,major,training_data_size,training_data,spdx,schema,True,not_stated,False,False,,
granite,major,training_data_size,training_data,cdx,schema,True,not_stated,False,False,,
granite,major,training_data_size,training_data,eu,audience,False,not_stated,False,False,AIONCA,
granite,major,data_scope,training_data,spdx,schema,True,prose,True,False,,
granite,major,data_scope,training_data,cdx,schema,True,prose,True,False,,
granite,major,knowledge_cutoff,training_data,spdx,schema,True,not_stated,False,False,,
granite,major,knowledge_cutoff,training_data,cdx,schema,True,not_stated,False,False,,
granite,major,knowledge_cutoff,training_data,eu,schema,False,not_stated,False,False,,
granite,major,data_curation,training_data,spdx,disclosure,False,not_stated,False,False,,
granite,major,data_curation,training_data,cdx,schema,True,not_stated,False,False,,
granite,major,data_curation,training_data,eu,disclosure,False,not_stated,False,False,AIONCADP,
granite,major,unsuitable_data_measures,training_data,spdx,schema,True,not_stated,False,False,,
granite,major,unsuitable_data_measures,training_data,cdx,schema,True,not_stated,False,False,,
granite,major,unsuitable_data_measures,training_data,eu,audience,False,not_stated,False,False,AIONCA,
granite,major,personal_data,training_data,spdx,disclosure,False,not_stated,False,False,,
granite,major,personal_data,training_data,cdx,disclosure,False,not_stated,False,False,,
granite,major,personal_data,training_data,eu,audience,False,not_stated,False,False,AIONCA,
granite,major,data_bias_measures,training_data,spdx,disclosure,False,not_stated,False,False,,
granite,major,data_bias_measures,training_data,cdx,disclosure,False,not_stated,False,False,,
granite,major,data_bias_measures,training_data,eu,audience,False,not_stated,False,False,AIONCA,
granite,major,training_method,training_process,spdx,structure,False,prose,True,False,,
granite,major,training_method,training_process,cdx,structure,False,prose,True,False,,modelParameters.approach.type is a 5-value enum; prose needs human classification
granite,major,design_rationale,training_process,spdx,schema,True,prose,True,False,,
granite,major,design_rationale,training_process,cdx,schema,True,prose,True,False,,
granite,major,hyperparameters,training_process,spdx,disclosure,False,not_stated,False,False,,
granite,major,hyperparameters,training_process,cdx,schema,True,not_stated,False,False,,
granite,major,hyperparameters,training_process,eu,audience,False,not_stated,False,False,AIONCA,
granite,major,training_hardware,training_process,spdx,schema,True,prose,True,False,,
granite,major,training_hardware,training_process,cdx,schema,True,prose,True,False,,
granite,major,training_time,training_process,spdx,schema,True,not_stated,False,False,,
granite,major,training_time,training_process,cdx,schema,True,not_stated,False,False,,
granite,major,training_time,training_process,eu,audience,False,not_stated,False,False,AIONCA,
granite,major,training_compute,training_process,spdx,schema,True,not_stated,False,False,,
granite,major,training_compute,training_process,cdx,schema,True,not_stated,False,False,,
granite,major,training_compute,training_process,eu,audience,False,not_stated,False,False,AIONCA,
granite,major,compute_methodology,training_process,spdx,schema,True,not_stated,False,False,,
granite,major,compute_methodology,training_process,cdx,schema,True,not_stated,False,False,,
granite,major,compute_methodology,training_process,eu,audience,False,not_stated,False,False,AIONCA,
granite,major,training_energy,energy,spdx,disclosure,False,not_stated,False,False,,
granite,major,training_energy,energy,cdx,disclosure,False,not_stated,False,False,,
granite,major,training_energy,energy,eu,audience,False,not_stated,False,False,AIONCA,
granite,major,energy_methodology,energy,spdx,schema,True,not_stated,False,False,,
granite,major,energy_methodology,energy,cdx,schema,True,not_stated,False,False,,
granite,major,energy_methodology,energy,eu,audience,False,not_stated,False,False,AIONCA,
granite,major,carbon_emissions,energy,spdx,schema,False,not_stated,False,False,,
granite,major,carbon_emissions,energy,cdx,disclosure,False,not_stated,False,False,,
granite,major,carbon_emissions,energy,eu,schema,False,not_stated,False,False,,
granite,major,inference_compute,energy,spdx,schema,True,not_stated,False,False,,
granite,major,inference_compute,energy,cdx,schema,True,not_stated,False,False,,
granite,major,inference_compute,energy,eu,audience,False,not_stated,False,False,AIONCA,
granite,major,intended_uses,use,spdx,structure,False,prose,True,False,,
granite,major,intended_uses,use,cdx,structure,False,prose,True,False,,
granite,major,out_of_scope_uses,use,spdx,disclosure,False,not_stated,False,False,,
granite,major,out_of_scope_uses,use,cdx,schema,True,not_stated,False,False,,
granite,major,out_of_scope_uses,use,eu,disclosure,False,not_stated,False,False,AIONCADP,
granite,major,target_systems,use,spdx,structure,False,prose,True,False,,
granite,major,target_systems,use,cdx,structure,False,prose,True,False,,
granite,major,integration_means,use,spdx,schema,True,prose,True,False,,
granite,major,integration_means,use,cdx,schema,True,prose,True,False,,
granite,major,required_hardware,use,spdx,schema,True,not_stated,False,False,,
granite,major,required_hardware,use,cdx,schema,True,not_stated,False,False,,
granite,major,required_hardware,use,eu,disclosure,False,not_stated,False,False,DP,
granite,major,limitations,use,spdx,structure,False,prose,True,False,,
granite,major,limitations,use,cdx,structure,False,prose,True,False,,
granite,major,limitations,use,eu,schema,False,prose,True,False,,
granite,major,languages,use,spdx,schema,True,structured,True,False,,
granite,major,languages,use,cdx,schema,True,structured,True,False,,
granite,major,languages,use,eu,schema,False,structured,True,False,,
granite,major,eval_results,evaluation,spdx,structure,False,prose,True,False,,
granite,major,eval_results,evaluation,cdx,structure,False,prose,True,False,,
granite,major,eval_results,evaluation,eu,schema,False,prose,True,False,,
granite,major,eval_datasets,evaluation,spdx,structure,False,prose,True,False,,
granite,major,eval_datasets,evaluation,cdx,structure,False,prose,True,False,,
granite,major,eval_datasets,evaluation,eu,schema,False,prose,True,False,,
granite,major,eval_methodology,evaluation,spdx,schema,True,prose,True,False,,
granite,major,eval_methodology,evaluation,cdx,schema,True,prose,True,False,,
granite,major,eval_methodology,evaluation,eu,schema,False,prose,True,False,,
granite,major,safety_evaluation,safety,spdx,disclosure,False,not_stated,False,False,,
granite,major,safety_evaluation,safety,cdx,disclosure,False,not_stated,False,False,,
granite,major,safety_evaluation,safety,eu,schema,False,not_stated,False,False,,
granite,major,bias_fairness_evaluation,safety,spdx,schema,True,not_stated,False,False,,
granite,major,bias_fairness_evaluation,safety,cdx,disclosure,False,not_stated,False,False,,
granite,major,bias_fairness_evaluation,safety,eu,schema,False,not_stated,False,False,,
granite,major,autonomy,safety,spdx,disclosure,False,not_stated,False,False,,
granite,major,autonomy,safety,cdx,schema,True,not_stated,False,False,,
granite,major,autonomy,safety,eu,schema,False,not_stated,False,False,,
granite,major,explainability,safety,spdx,disclosure,False,not_stated,False,False,,
granite,major,explainability,safety,cdx,schema,True,not_stated,False,False,,
granite,major,explainability,safety,eu,schema,False,not_stated,False,False,,
granite,major,standards_compliance,safety,spdx,disclosure,False,not_stated,False,False,,
granite,major,standards_compliance,safety,cdx,schema,True,not_stated,False,False,,
granite,major,standards_compliance,safety,eu,schema,False,not_stated,False,False,,
granite,major,base_model_relation,lineage,spdx,schema,True,structured,True,False,,
granite,major,base_model_relation,lineage,cdx,schema,True,structured,True,False,,
granite,major,distribution_channels,distribution,spdx,structure,False,prose,True,False,,
granite,major,distribution_channels,distribution,cdx,structure,False,prose,True,False,,
olmo_gguf,lineage,provider_name,identity,spdx,structure,False,prose,True,False,,
olmo_gguf,lineage,provider_name,identity,cdx,structure,False,prose,True,False,,
olmo_gguf,lineage,release_date,identity,spdx,disclosure,False,not_stated,False,False,,
olmo_gguf,lineage,release_date,identity,cdx,schema,True,not_stated,False,False,,
olmo_gguf,lineage,release_date,identity,eu,disclosure,False,not_stated,False,False,AIONCADP,
olmo_gguf,lineage,eu_release_date,identity,spdx,schema,False,not_stated,False,False,,
olmo_gguf,lineage,eu_release_date,identity,cdx,schema,False,not_stated,False,False,,
olmo_gguf,lineage,eu_release_date,identity,eu,disclosure,False,not_stated,False,False,AIONCADP,
olmo_gguf,lineage,acceptable_use_policy,licensing,spdx,schema,True,prose,True,False,,
olmo_gguf,lineage,acceptable_use_policy,licensing,cdx,schema,True,prose,True,False,,
olmo_gguf,lineage,access_conditions,licensing,spdx,schema,True,structured,True,False,,
olmo_gguf,lineage,access_conditions,licensing,cdx,schema,True,structured,True,False,,
olmo_gguf,lineage,access_conditions,licensing,eu,schema,False,structured,True,False,,
olmo_gguf,lineage,additional_assets,licensing,spdx,schema,True,prose,True,False,,
olmo_gguf,lineage,additional_assets,licensing,cdx,structure,False,prose,True,False,,externalReferences need URLs; the stated value is prose
olmo_gguf,lineage,architecture_family,architecture,spdx,structure,False,prose,True,False,,
olmo_gguf,lineage,architecture_family,architecture,cdx,structure,False,prose,True,False,,
olmo_gguf,lineage,architecture_details,architecture,spdx,schema,True,not_stated,False,False,,
olmo_gguf,lineage,architecture_details,architecture,cdx,disclosure,False,not_stated,False,False,,
olmo_gguf,lineage,architecture_details,architecture,eu,audience,False,not_stated,False,False,AIONCA,
olmo_gguf,lineage,param_count,architecture,spdx,schema,True,structured,True,False,,
olmo_gguf,lineage,param_count,architecture,cdx,schema,True,structured,True,False,,
olmo_gguf,lineage,input_modalities,architecture,spdx,schema,True,not_stated,False,False,,
olmo_gguf,lineage,input_modalities,architecture,cdx,disclosure,False,not_stated,False,False,,
olmo_gguf,lineage,input_modalities,architecture,eu,disclosure,False,not_stated,False,False,AIONCADP,
olmo_gguf,lineage,max_input_size,architecture,spdx,disclosure,False,not_stated,False,False,,
olmo_gguf,lineage,max_input_size,architecture,cdx,schema,True,not_stated,False,False,,
olmo_gguf,lineage,max_input_size,architecture,eu,disclosure,False,not_stated,False,False,AIODP,
olmo_gguf,lineage,output_modalities,architecture,spdx,schema,True,not_stated,False,False,,
olmo_gguf,lineage,output_modalities,architecture,cdx,disclosure,False,not_stated,False,False,,
olmo_gguf,lineage,output_modalities,architecture,eu,disclosure,False,not_stated,False,False,AIONCADP,
olmo_gguf,lineage,max_output_size,architecture,spdx,schema,True,not_stated,False,False,,
olmo_gguf,lineage,max_output_size,architecture,cdx,schema,True,not_stated,False,False,,
olmo_gguf,lineage,max_output_size,architecture,eu,disclosure,False,not_stated,False,False,DP,
olmo_gguf,lineage,task,architecture,spdx,schema,True,not_stated,False,False,,
olmo_gguf,lineage,task,architecture,cdx,disclosure,False,not_stated,False,False,,
olmo_gguf,lineage,task,architecture,eu,schema,False,not_stated,False,False,,
olmo_gguf,lineage,weights_precision,architecture,spdx,schema,True,structured,True,False,,
olmo_gguf,lineage,weights_precision,architecture,cdx,schema,True,structured,True,False,,
olmo_gguf,lineage,weights_precision,architecture,eu,schema,False,structured,True,False,,
olmo_gguf,lineage,training_datasets,training_data,spdx,structure,False,prose,True,False,,
olmo_gguf,lineage,training_datasets,training_data,cdx,structure,False,prose,True,False,,
olmo_gguf,lineage,training_datasets,training_data,eu,schema,False,prose,True,False,,
olmo_gguf,lineage,data_modality,training_data,spdx,disclosure,False,not_stated,False,False,,
olmo_gguf,lineage,data_modality,training_data,cdx,schema,True,not_stated,False,False,,
olmo_gguf,lineage,data_modality,training_data,eu,disclosure,False,not_stated,False,False,AIONCADP,
olmo_gguf,lineage,data_provenance,training_data,spdx,disclosure,False,not_stated,False,False,,
olmo_gguf,lineage,data_provenance,training_data,cdx,schema,True,not_stated,False,False,,
olmo_gguf,lineage,data_provenance,training_data,eu,disclosure,False,not_stated,False,False,AIONCADP,
olmo_gguf,lineage,data_acquisition,training_data,spdx,disclosure,False,not_stated,False,False,,
olmo_gguf,lineage,data_acquisition,training_data,cdx,schema,True,not_stated,False,False,,
olmo_gguf,lineage,data_acquisition,training_data,eu,audience,False,not_stated,False,False,AIONCA,
olmo_gguf,lineage,training_data_size,training_data,spdx,schema,True,not_stated,False,False,,
olmo_gguf,lineage,training_data_size,training_data,cdx,schema,True,not_stated,False,False,,
olmo_gguf,lineage,training_data_size,training_data,eu,audience,False,not_stated,False,False,AIONCA,
olmo_gguf,lineage,data_scope,training_data,spdx,schema,True,prose,True,False,,
olmo_gguf,lineage,data_scope,training_data,cdx,schema,True,prose,True,False,,
olmo_gguf,lineage,knowledge_cutoff,training_data,spdx,schema,True,prose,True,False,,
olmo_gguf,lineage,knowledge_cutoff,training_data,cdx,schema,True,prose,True,False,,
olmo_gguf,lineage,knowledge_cutoff,training_data,eu,schema,False,prose,True,False,,
olmo_gguf,lineage,data_curation,training_data,spdx,disclosure,False,not_stated,False,False,,
olmo_gguf,lineage,data_curation,training_data,cdx,schema,True,not_stated,False,False,,
olmo_gguf,lineage,data_curation,training_data,eu,disclosure,False,not_stated,False,False,AIONCADP,
olmo_gguf,lineage,unsuitable_data_measures,training_data,spdx,schema,True,not_stated,False,False,,
olmo_gguf,lineage,unsuitable_data_measures,training_data,cdx,schema,True,not_stated,False,False,,
olmo_gguf,lineage,unsuitable_data_measures,training_data,eu,audience,False,not_stated,False,False,AIONCA,
olmo_gguf,lineage,personal_data,training_data,spdx,disclosure,False,not_stated,False,False,,
olmo_gguf,lineage,personal_data,training_data,cdx,disclosure,False,not_stated,False,False,,
olmo_gguf,lineage,personal_data,training_data,eu,audience,False,not_stated,False,False,AIONCA,
olmo_gguf,lineage,data_bias_measures,training_data,spdx,disclosure,False,not_stated,False,False,,
olmo_gguf,lineage,data_bias_measures,training_data,cdx,disclosure,False,not_stated,False,False,,
olmo_gguf,lineage,data_bias_measures,training_data,eu,audience,False,not_stated,False,False,AIONCA,
olmo_gguf,lineage,training_method,training_process,spdx,structure,False,prose,True,False,,
olmo_gguf,lineage,training_method,training_process,cdx,structure,False,prose,True,False,,modelParameters.approach.type is a 5-value enum; prose needs human classification
olmo_gguf,lineage,design_rationale,training_process,spdx,schema,True,not_stated,False,False,,
olmo_gguf,lineage,design_rationale,training_process,cdx,schema,True,not_stated,False,False,,
olmo_gguf,lineage,design_rationale,training_process,eu,audience,False,not_stated,False,False,AIONCA,
olmo_gguf,lineage,hyperparameters,training_process,spdx,disclosure,False,not_stated,False,False,,
olmo_gguf,lineage,hyperparameters,training_process,cdx,schema,True,not_stated,False,False,,
olmo_gguf,lineage,hyperparameters,training_process,eu,audience,False,not_stated,False,False,AIONCA,
olmo_gguf,lineage,training_hardware,training_process,spdx,schema,True,not_stated,False,False,,
olmo_gguf,lineage,training_hardware,training_process,cdx,schema,True,not_stated,False,False,,
olmo_gguf,lineage,training_hardware,training_process,eu,audience,False,not_stated,False,False,AIO,
olmo_gguf,lineage,training_time,training_process,spdx,schema,True,not_stated,False,False,,
olmo_gguf,lineage,training_time,training_process,cdx,schema,True,not_stated,False,False,,
olmo_gguf,lineage,training_time,training_process,eu,audience,False,not_stated,False,False,AIONCA,
olmo_gguf,lineage,training_compute,training_process,spdx,schema,True,not_stated,False,False,,
olmo_gguf,lineage,training_compute,training_process,cdx,schema,True,not_stated,False,False,,
olmo_gguf,lineage,training_compute,training_process,eu,audience,False,not_stated,False,False,AIONCA,
olmo_gguf,lineage,compute_methodology,training_process,spdx,schema,True,not_stated,False,False,,
olmo_gguf,lineage,compute_methodology,training_process,cdx,schema,True,not_stated,False,False,,
olmo_gguf,lineage,compute_methodology,training_process,eu,audience,False,not_stated,False,False,AIONCA,
olmo_gguf,lineage,training_energy,energy,spdx,disclosure,False,not_stated,False,False,,
olmo_gguf,lineage,training_energy,energy,cdx,disclosure,False,not_stated,False,False,,
olmo_gguf,lineage,training_energy,energy,eu,audience,False,not_stated,False,False,AIONCA,
olmo_gguf,lineage,energy_methodology,energy,spdx,schema,True,not_stated,False,False,,
olmo_gguf,lineage,energy_methodology,energy,cdx,schema,True,not_stated,False,False,,
olmo_gguf,lineage,energy_methodology,energy,eu,audience,False,not_stated,False,False,AIONCA,
olmo_gguf,lineage,carbon_emissions,energy,spdx,schema,False,not_stated,False,False,,
olmo_gguf,lineage,carbon_emissions,energy,cdx,disclosure,False,not_stated,False,False,,
olmo_gguf,lineage,carbon_emissions,energy,eu,schema,False,not_stated,False,False,,
olmo_gguf,lineage,inference_compute,energy,spdx,schema,True,not_stated,False,False,,
olmo_gguf,lineage,inference_compute,energy,cdx,schema,True,not_stated,False,False,,
olmo_gguf,lineage,inference_compute,energy,eu,audience,False,not_stated,False,False,AIONCA,
olmo_gguf,lineage,intended_uses,use,spdx,structure,False,prose,True,False,,
olmo_gguf,lineage,intended_uses,use,cdx,structure,False,prose,True,False,,
olmo_gguf,lineage,out_of_scope_uses,use,spdx,disclosure,False,not_stated,False,False,,
olmo_gguf,lineage,out_of_scope_uses,use,cdx,schema,True,not_stated,False,False,,
olmo_gguf,lineage,out_of_scope_uses,use,eu,disclosure,False,not_stated,False,False,AIONCADP,
olmo_gguf,lineage,target_systems,use,spdx,disclosure,False,not_stated,False,False,,
olmo_gguf,lineage,target_systems,use,cdx,disclosure,False,not_stated,False,False,,
olmo_gguf,lineage,target_systems,use,eu,disclosure,False,not_stated,False,False,AIONCADP,
olmo_gguf,lineage,integration_means,use,spdx,schema,True,prose,True,False,,
olmo_gguf,lineage,integration_means,use,cdx,schema,True,prose,True,False,,
olmo_gguf,lineage,required_hardware,use,spdx,schema,True,not_stated,False,False,,
olmo_gguf,lineage,required_hardware,use,cdx,schema,True,not_stated,False,False,,
olmo_gguf,lineage,required_hardware,use,eu,disclosure,False,not_stated,False,False,DP,
olmo_gguf,lineage,required_software,use,spdx,structure,False,prose,True,False,,
olmo_gguf,lineage,required_software,use,cdx,structure,False,prose,True,False,,
olmo_gguf,lineage,limitations,use,spdx,structure,False,prose,True,False,,
olmo_gguf,lineage,limitations,use,cdx,structure,False,prose,True,False,,
olmo_gguf,lineage,limitations,use,eu,schema,False,prose,True,False,,
olmo_gguf,lineage,languages,use,spdx,schema,True,structured,True,False,,
olmo_gguf,lineage,languages,use,cdx,schema,True,structured,True,False,,
olmo_gguf,lineage,languages,use,eu,schema,False,structured,True,False,,
olmo_gguf,lineage,eval_results,evaluation,spdx,structure,False,prose,True,False,,
olmo_gguf,lineage,eval_results,evaluation,cdx,structure,False,prose,True,False,,
olmo_gguf,lineage,eval_results,evaluation,eu,schema,False,prose,True,False,,
olmo_gguf,lineage,eval_datasets,evaluation,spdx,disclosure,False,rejected_quote,False,True,,
olmo_gguf,lineage,eval_datasets,evaluation,cdx,disclosure,False,rejected_quote,False,True,,
olmo_gguf,lineage,eval_datasets,evaluation,eu,schema,False,rejected_quote,False,True,,
olmo_gguf,lineage,eval_methodology,evaluation,spdx,schema,True,not_stated,False,False,,
olmo_gguf,lineage,eval_methodology,evaluation,cdx,schema,True,not_stated,False,False,,
olmo_gguf,lineage,eval_methodology,evaluation,eu,schema,False,not_stated,False,False,,
olmo_gguf,lineage,safety_evaluation,safety,spdx,structure,False,prose,True,False,,ai_safetyRiskAssessment is an enum; prose needs human classification
olmo_gguf,lineage,safety_evaluation,safety,cdx,structure,False,prose,True,False,,
olmo_gguf,lineage,safety_evaluation,safety,eu,schema,False,prose,True,False,,
olmo_gguf,lineage,bias_fairness_evaluation,safety,spdx,schema,True,not_stated,False,False,,
olmo_gguf,lineage,bias_fairness_evaluation,safety,cdx,disclosure,False,not_stated,False,False,,
olmo_gguf,lineage,bias_fairness_evaluation,safety,eu,schema,False,not_stated,False,False,,
olmo_gguf,lineage,autonomy,safety,spdx,disclosure,False,not_stated,False,False,,
olmo_gguf,lineage,autonomy,safety,cdx,schema,True,not_stated,False,False,,
olmo_gguf,lineage,autonomy,safety,eu,schema,False,not_stated,False,False,,
olmo_gguf,lineage,explainability,safety,spdx,disclosure,False,not_stated,False,False,,
olmo_gguf,lineage,explainability,safety,cdx,schema,True,not_stated,False,False,,
olmo_gguf,lineage,explainability,safety,eu,schema,False,not_stated,False,False,,
olmo_gguf,lineage,standards_compliance,safety,spdx,disclosure,False,not_stated,False,False,,
olmo_gguf,lineage,standards_compliance,safety,cdx,schema,True,not_stated,False,False,,
olmo_gguf,lineage,standards_compliance,safety,eu,schema,False,not_stated,False,False,,
olmo_gguf,lineage,base_model_relation,lineage,spdx,schema,True,structured,True,False,,
olmo_gguf,lineage,base_model_relation,lineage,cdx,schema,True,structured,True,False,,
olmo_gguf,lineage,distribution_channels,distribution,spdx,structure,False,prose,True,False,,
olmo_gguf,lineage,distribution_channels,distribution,cdx,structure,False,prose,True,False,,
molmo2,lineage,provider_name,identity,spdx,structure,False,prose,True,False,,
molmo2,lineage,provider_name,identity,cdx,structure,False,prose,True,False,,
molmo2,lineage,release_date,identity,spdx,disclosure,False,not_stated,False,False,,
molmo2,lineage,release_date,identity,cdx,schema,True,not_stated,False,False,,
molmo2,lineage,release_date,identity,eu,disclosure,False,not_stated,False,False,AIONCADP,
molmo2,lineage,eu_release_date,identity,spdx,schema,False,not_stated,False,False,,
molmo2,lineage,eu_release_date,identity,cdx,schema,False,not_stated,False,False,,
molmo2,lineage,eu_release_date,identity,eu,disclosure,False,not_stated,False,False,AIONCADP,
molmo2,lineage,acceptable_use_policy,licensing,spdx,schema,True,prose,True,False,,
molmo2,lineage,acceptable_use_policy,licensing,cdx,schema,True,prose,True,False,,
molmo2,lineage,access_conditions,licensing,spdx,schema,True,structured,True,False,,
molmo2,lineage,access_conditions,licensing,cdx,schema,True,structured,True,False,,
molmo2,lineage,access_conditions,licensing,eu,schema,False,structured,True,False,,
molmo2,lineage,additional_assets,licensing,spdx,schema,True,prose,True,False,,
molmo2,lineage,additional_assets,licensing,cdx,structure,False,prose,True,False,,externalReferences need URLs; the stated value is prose
molmo2,lineage,architecture_family,architecture,spdx,structure,False,prose,True,False,,
molmo2,lineage,architecture_family,architecture,cdx,structure,False,prose,True,False,,
molmo2,lineage,architecture_details,architecture,spdx,schema,True,prose,True,False,,
molmo2,lineage,architecture_details,architecture,cdx,structure,False,prose,True,False,,
molmo2,lineage,param_count,architecture,spdx,schema,True,structured,True,False,,
molmo2,lineage,param_count,architecture,cdx,schema,True,structured,True,False,,
molmo2,lineage,input_modalities,architecture,spdx,schema,True,structured,True,False,,
molmo2,lineage,max_input_size,architecture,cdx,schema,True,structured,True,False,,
molmo2,lineage,output_modalities,architecture,spdx,schema,True,structured,True,False,,
molmo2,lineage,max_output_size,architecture,spdx,schema,True,not_stated,False,False,,
molmo2,lineage,max_output_size,architecture,cdx,schema,True,not_stated,False,False,,
molmo2,lineage,max_output_size,architecture,eu,disclosure,False,not_stated,False,False,DP,
molmo2,lineage,task,architecture,spdx,schema,True,structured,True,False,,
molmo2,lineage,task,architecture,eu,schema,False,structured,True,False,,
molmo2,lineage,weights_precision,architecture,spdx,schema,True,structured,True,False,,
molmo2,lineage,weights_precision,architecture,cdx,schema,True,structured,True,False,,
molmo2,lineage,weights_precision,architecture,eu,schema,False,structured,True,False,,
molmo2,lineage,training_datasets,training_data,eu,schema,False,structured,True,False,,
molmo2,lineage,data_modality,training_data,spdx,structure,False,prose,True,False,,
molmo2,lineage,data_modality,training_data,cdx,schema,True,prose,True,False,,
molmo2,lineage,data_provenance,training_data,spdx,structure,False,prose,True,False,,
molmo2,lineage,data_provenance,training_data,cdx,schema,True,prose,True,False,,
molmo2,lineage,data_acquisition,training_data,spdx,structure,False,prose,True,False,,
molmo2,lineage,data_acquisition,training_data,cdx,schema,True,prose,True,False,,
molmo2,lineage,training_data_size,training_data,spdx,schema,True,not_stated,False,False,,
molmo2,lineage,training_data_size,training_data,cdx,schema,True,not_stated,False,False,,
molmo2,lineage,training_data_size,training_data,eu,audience,False,not_stated,False,False,AIONCA,
molmo2,lineage,data_scope,training_data,spdx,schema,True,prose,True,False,,
molmo2,lineage,data_scope,training_data,cdx,schema,True,prose,True,False,,
molmo2,lineage,knowledge_cutoff,training_data,spdx,schema,True,not_stated,False,False,,
molmo2,lineage,knowledge_cutoff,training_data,cdx,schema,True,not_stated,False,False,,
molmo2,lineage,knowledge_cutoff,training_data,eu,schema,False,not_stated,False,False,,
molmo2,lineage,data_curation,training_data,spdx,disclosure,False,not_stated,False,False,,
molmo2,lineage,data_curation,training_data,cdx,schema,True,not_stated,False,False,,
molmo2,lineage,data_curation,training_data,eu,disclosure,False,not_stated,False,False,AIONCADP,
molmo2,lineage,unsuitable_data_measures,training_data,spdx,schema,True,not_stated,False,False,,
molmo2,lineage,unsuitable_data_measures,training_data,cdx,schema,True,not_stated,False,False,,
molmo2,lineage,unsuitable_data_measures,training_data,eu,audience,False,not_stated,False,False,AIONCA,
molmo2,lineage,personal_data,training_data,spdx,disclosure,False,not_stated,False,False,,
molmo2,lineage,personal_data,training_data,cdx,disclosure,False,not_stated,False,False,,
molmo2,lineage,personal_data,training_data,eu,audience,False,not_stated,False,False,AIONCA,
molmo2,lineage,data_bias_measures,training_data,spdx,disclosure,False,not_stated,False,False,,
molmo2,lineage,data_bias_measures,training_data,cdx,disclosure,False,not_stated,False,False,,
molmo2,lineage,data_bias_measures,training_data,eu,audience,False,not_stated,False,False,AIONCA,
molmo2,lineage,training_method,training_process,spdx,disclosure,False,not_stated,False,False,,
molmo2,lineage,training_method,training_process,cdx,disclosure,False,not_stated,False,False,,
molmo2,lineage,training_method,training_process,eu,audience,False,not_stated,False,False,AIONCA,
molmo2,lineage,design_rationale,training_process,spdx,schema,True,not_stated,False,False,,
molmo2,lineage,design_rationale,training_process,cdx,schema,True,not_stated,False,False,,
molmo2,lineage,design_rationale,training_process,eu,audience,False,not_stated,False,False,AIONCA,
molmo2,lineage,hyperparameters,training_process,spdx,disclosure,False,not_stated,False,False,,
molmo2,lineage,hyperparameters,training_process,cdx,schema,True,not_stated,False,False,,
molmo2,lineage,hyperparameters,training_process,eu,audience,False,not_stated,False,False,AIONCA,
molmo2,lineage,training_hardware,training_process,spdx,schema,True,not_stated,False,False,,
molmo2,lineage,training_hardware,training_process,cdx,schema,True,not_stated,False,False,,
molmo2,lineage,training_hardware,training_process,eu,audience,False,not_stated,False,False,AIO,
molmo2,lineage,training_time,training_process,spdx,schema,True,not_stated,False,False,,
molmo2,lineage,training_time,training_process,cdx,schema,True,not_stated,False,False,,
molmo2,lineage,training_time,training_process,eu,audience,False,not_stated,False,False,AIONCA,
molmo2,lineage,training_compute,training_process,spdx,schema,True,not_stated,False,False,,
molmo2,lineage,training_compute,training_process,cdx,schema,True,not_stated,False,False,,
molmo2,lineage,training_compute,training_process,eu,audience,False,not_stated,False,False,AIONCA,
molmo2,lineage,compute_methodology,training_process,spdx,schema,True,not_stated,False,False,,
molmo2,lineage,compute_methodology,training_process,cdx,schema,True,not_stated,False,False,,
molmo2,lineage,compute_methodology,training_process,eu,audience,False,not_stated,False,False,AIONCA,
molmo2,lineage,training_energy,energy,spdx,disclosure,False,not_stated,False,False,,
molmo2,lineage,training_energy,energy,cdx,disclosure,False,not_stated,False,False,,
molmo2,lineage,training_energy,energy,eu,audience,False,not_stated,False,False,AIONCA,
molmo2,lineage,energy_methodology,energy,spdx,schema,True,not_stated,False,False,,
molmo2,lineage,energy_methodology,energy,cdx,schema,True,not_stated,False,False,,
molmo2,lineage,energy_methodology,energy,eu,audience,False,not_stated,False,False,AIONCA,
molmo2,lineage,carbon_emissions,energy,spdx,schema,False,not_stated,False,False,,
molmo2,lineage,carbon_emissions,energy,cdx,disclosure,False,not_stated,False,False,,
molmo2,lineage,carbon_emissions,energy,eu,schema,False,not_stated,False,False,,
molmo2,lineage,inference_compute,energy,spdx,schema,True,not_stated,False,False,,
molmo2,lineage,inference_compute,energy,cdx,schema,True,not_stated,False,False,,
molmo2,lineage,inference_compute,energy,eu,audience,False,not_stated,False,False,AIONCA,
molmo2,lineage,intended_uses,use,spdx,structure,False,prose,True,False,,
molmo2,lineage,intended_uses,use,cdx,structure,False,prose,True,False,,
molmo2,lineage,out_of_scope_uses,use,spdx,structure,False,prose,True,False,,
molmo2,lineage,out_of_scope_uses,use,cdx,schema,True,prose,True,False,,
molmo2,lineage,target_systems,use,spdx,disclosure,False,not_stated,False,False,,
molmo2,lineage,target_systems,use,cdx,disclosure,False,not_stated,False,False,,
molmo2,lineage,target_systems,use,eu,disclosure,False,not_stated,False,False,AIONCADP,
molmo2,lineage,integration_means,use,spdx,schema,True,prose,True,False,,
molmo2,lineage,integration_means,use,cdx,schema,True,prose,True,False,,
molmo2,lineage,required_hardware,use,spdx,schema,True,not_stated,False,False,,
molmo2,lineage,required_hardware,use,cdx,schema,True,not_stated,False,False,,
molmo2,lineage,required_hardware,use,eu,disclosure,False,not_stated,False,False,DP,
molmo2,lineage,limitations,use,spdx,disclosure,False,not_stated,False,False,,
molmo2,lineage,limitations,use,cdx,disclosure,False,not_stated,False,False,,
molmo2,lineage,limitations,use,eu,schema,False,not_stated,False,False,,
molmo2,lineage,languages,use,spdx,schema,True,structured,True,False,,
molmo2,lineage,languages,use,cdx,schema,True,structured,True,False,,
molmo2,lineage,languages,use,eu,schema,False,structured,True,False,,
molmo2,lineage,eval_results,evaluation,spdx,structure,False,prose,True,False,,
molmo2,lineage,eval_results,evaluation,cdx,structure,False,prose,True,False,,
molmo2,lineage,eval_results,evaluation,eu,schema,False,prose,True,False,,
molmo2,lineage,eval_datasets,evaluation,spdx,disclosure,False,not_stated,False,False,,
molmo2,lineage,eval_datasets,evaluation,cdx,disclosure,False,not_stated,False,False,,
molmo2,lineage,eval_datasets,evaluation,eu,schema,False,not_stated,False,False,,
molmo2,lineage,eval_methodology,evaluation,spdx,schema,True,not_stated,False,False,,
molmo2,lineage,eval_methodology,evaluation,cdx,schema,True,not_stated,False,False,,
molmo2,lineage,eval_methodology,evaluation,eu,schema,False,not_stated,False,False,,
molmo2,lineage,safety_evaluation,safety,spdx,disclosure,False,not_stated,False,False,,
molmo2,lineage,safety_evaluation,safety,cdx,disclosure,False,not_stated,False,False,,
molmo2,lineage,safety_evaluation,safety,eu,schema,False,not_stated,False,False,,
molmo2,lineage,bias_fairness_evaluation,safety,spdx,schema,True,not_stated,False,False,,
molmo2,lineage,bias_fairness_evaluation,safety,cdx,disclosure,False,not_stated,False,False,,
molmo2,lineage,bias_fairness_evaluation,safety,eu,schema,False,not_stated,False,False,,
molmo2,lineage,autonomy,safety,spdx,disclosure,False,not_stated,False,False,,
molmo2,lineage,autonomy,safety,cdx,schema,True,not_stated,False,False,,
molmo2,lineage,autonomy,safety,eu,schema,False,not_stated,False,False,,
molmo2,lineage,explainability,safety,spdx,disclosure,False,not_stated,False,False,,
molmo2,lineage,explainability,safety,cdx,schema,True,not_stated,False,False,,
molmo2,lineage,explainability,safety,eu,schema,False,not_stated,False,False,,
molmo2,lineage,standards_compliance,safety,spdx,disclosure,False,not_stated,False,False,,
molmo2,lineage,standards_compliance,safety,cdx,schema,True,not_stated,False,False,,
molmo2,lineage,standards_compliance,safety,eu,schema,False,not_stated,False,False,,
molmo2,lineage,base_model_relation,lineage,spdx,schema,True,structured,True,False,,
molmo2,lineage,base_model_relation,lineage,cdx,schema,True,structured,True,False,,
molmo2,lineage,distribution_channels,distribution,spdx,structure,False,prose,True,False,,
molmo2,lineage,distribution_channels,distribution,cdx,structure,False,prose,True,False,,
internvl_gptoss,lineage,provider_name,identity,spdx,disclosure,False,not_stated,False,False,,
internvl_gptoss,lineage,provider_name,identity,cdx,disclosure,False,not_stated,False,False,,
internvl_gptoss,lineage,provider_name,identity,eu,disclosure,False,not_stated,False,False,AIONCADP,
internvl_gptoss,lineage,release_date,identity,spdx,disclosure,False,not_stated,False,False,,
internvl_gptoss,lineage,release_date,identity,cdx,schema,True,not_stated,False,False,,
internvl_gptoss,lineage,release_date,identity,eu,disclosure,False,not_stated,False,False,AIONCADP,
internvl_gptoss,lineage,eu_release_date,identity,spdx,schema,False,not_stated,False,False,,
internvl_gptoss,lineage,eu_release_date,identity,cdx,schema,False,not_stated,False,False,,
internvl_gptoss,lineage,eu_release_date,identity,eu,disclosure,False,not_stated,False,False,AIONCADP,
internvl_gptoss,lineage,acceptable_use_policy,licensing,spdx,schema,True,not_stated,False,False,,
internvl_gptoss,lineage,acceptable_use_policy,licensing,cdx,schema,True,not_stated,False,False,,
internvl_gptoss,lineage,acceptable_use_policy,licensing,eu,disclosure,False,not_stated,False,False,AIONCADP,
internvl_gptoss,lineage,access_conditions,licensing,spdx,schema,True,structured,True,False,,
internvl_gptoss,lineage,access_conditions,licensing,cdx,schema,True,structured,True,False,,
internvl_gptoss,lineage,access_conditions,licensing,eu,schema,False,structured,True,False,,
internvl_gptoss,lineage,additional_assets,licensing,spdx,schema,True,prose,True,False,,
internvl_gptoss,lineage,additional_assets,licensing,cdx,structure,False,prose,True,False,,externalReferences need URLs; the stated value is prose
internvl_gptoss,lineage,architecture_family,architecture,spdx,structure,False,prose,True,False,,
internvl_gptoss,lineage,architecture_family,architecture,cdx,structure,False,prose,True,False,,
internvl_gptoss,lineage,architecture_details,architecture,spdx,schema,True,prose,True,False,,
internvl_gptoss,lineage,architecture_details,architecture,cdx,structure,False,prose,True,False,,
internvl_gptoss,lineage,param_count,architecture,spdx,schema,True,structured,True,False,,
internvl_gptoss,lineage,param_count,architecture,cdx,schema,True,structured,True,False,,
internvl_gptoss,lineage,input_modalities,architecture,spdx,schema,True,structured,True,False,,
internvl_gptoss,lineage,max_input_size,architecture,cdx,schema,True,structured,True,False,,
internvl_gptoss,lineage,output_modalities,architecture,spdx,schema,True,structured,True,False,,
internvl_gptoss,lineage,max_output_size,architecture,spdx,schema,True,not_stated,False,False,,
internvl_gptoss,lineage,max_output_size,architecture,cdx,schema,True,not_stated,False,False,,
internvl_gptoss,lineage,max_output_size,architecture,eu,disclosure,False,not_stated,False,False,DP,
internvl_gptoss,lineage,task,architecture,spdx,schema,True,structured,True,False,,
internvl_gptoss,lineage,task,architecture,eu,schema,False,structured,True,False,,
internvl_gptoss,lineage,weights_precision,architecture,spdx,schema,True,structured,True,False,,
internvl_gptoss,lineage,weights_precision,architecture,cdx,schema,True,structured,True,False,,
internvl_gptoss,lineage,weights_precision,architecture,eu,schema,False,structured,True,False,,
internvl_gptoss,lineage,training_datasets,training_data,eu,schema,False,structured,True,False,,
internvl_gptoss,lineage,data_modality,training_data,spdx,structure,False,prose,True,False,,
internvl_gptoss,lineage,data_modality,training_data,cdx,schema,True,prose,True,False,,
internvl_gptoss,lineage,data_provenance,training_data,spdx,structure,False,prose,True,False,,
internvl_gptoss,lineage,data_provenance,training_data,cdx,schema,True,prose,True,False,,
internvl_gptoss,lineage,data_acquisition,training_data,spdx,structure,False,prose,True,False,,
internvl_gptoss,lineage,data_acquisition,training_data,cdx,schema,True,prose,True,False,,
internvl_gptoss,lineage,training_data_size,training_data,spdx,schema,True,not_stated,False,False,,
internvl_gptoss,lineage,training_data_size,training_data,cdx,schema,True,not_stated,False,False,,
internvl_gptoss,lineage,training_data_size,training_data,eu,audience,False,not_stated,False,False,AIONCA,
internvl_gptoss,lineage,data_scope,training_data,spdx,schema,True,prose,True,False,,
internvl_gptoss,lineage,data_scope,training_data,cdx,schema,True,prose,True,False,,
internvl_gptoss,lineage,knowledge_cutoff,training_data,spdx,schema,True,not_stated,False,False,,
internvl_gptoss,lineage,knowledge_cutoff,training_data,cdx,schema,True,not_stated,False,False,,
internvl_gptoss,lineage,knowledge_cutoff,training_data,eu,schema,False,not_stated,False,False,,
internvl_gptoss,lineage,data_curation,training_data,spdx,structure,False,prose,True,False,,
internvl_gptoss,lineage,data_curation,training_data,cdx,schema,True,prose,True,False,,
internvl_gptoss,lineage,unsuitable_data_measures,training_data,spdx,schema,True,not_stated,False,False,,
internvl_gptoss,lineage,unsuitable_data_measures,training_data,cdx,schema,True,not_stated,False,False,,
internvl_gptoss,lineage,unsuitable_data_measures,training_data,eu,audience,False,not_stated,False,False,AIONCA,
internvl_gptoss,lineage,personal_data,training_data,spdx,disclosure,False,not_stated,False,False,,
internvl_gptoss,lineage,personal_data,training_data,cdx,disclosure,False,not_stated,False,False,,
internvl_gptoss,lineage,personal_data,training_data,eu,audience,False,not_stated,False,False,AIONCA,
internvl_gptoss,lineage,data_bias_measures,training_data,spdx,disclosure,False,not_stated,False,False,,
internvl_gptoss,lineage,data_bias_measures,training_data,cdx,disclosure,False,not_stated,False,False,,
internvl_gptoss,lineage,data_bias_measures,training_data,eu,audience,False,not_stated,False,False,AIONCA,
internvl_gptoss,lineage,training_method,training_process,spdx,structure,False,prose,True,False,,
internvl_gptoss,lineage,training_method,training_process,cdx,structure,False,prose,True,False,,modelParameters.approach.type is a 5-value enum; prose needs human classification
internvl_gptoss,lineage,design_rationale,training_process,spdx,schema,True,prose,True,False,,
internvl_gptoss,lineage,design_rationale,training_process,cdx,schema,True,prose,True,False,,
internvl_gptoss,lineage,hyperparameters,training_process,spdx,structure,False,prose,True,False,,
internvl_gptoss,lineage,hyperparameters,training_process,cdx,schema,True,prose,True,False,,
internvl_gptoss,lineage,training_hardware,training_process,spdx,schema,True,not_stated,False,False,,
internvl_gptoss,lineage,training_hardware,training_process,cdx,schema,True,not_stated,False,False,,
internvl_gptoss,lineage,training_hardware,training_process,eu,audience,False,not_stated,False,False,AIO,
internvl_gptoss,lineage,training_time,training_process,spdx,schema,True,not_stated,False,False,,
internvl_gptoss,lineage,training_time,training_process,cdx,schema,True,not_stated,False,False,,
internvl_gptoss,lineage,training_time,training_process,eu,audience,False,not_stated,False,False,AIONCA,
internvl_gptoss,lineage,training_compute,training_process,spdx,schema,True,not_stated,False,False,,
internvl_gptoss,lineage,training_compute,training_process,cdx,schema,True,not_stated,False,False,,
internvl_gptoss,lineage,training_compute,training_process,eu,audience,False,not_stated,False,False,AIONCA,
internvl_gptoss,lineage,compute_methodology,training_process,spdx,schema,True,not_stated,False,False,,
internvl_gptoss,lineage,compute_methodology,training_process,cdx,schema,True,not_stated,False,False,,
internvl_gptoss,lineage,compute_methodology,training_process,eu,audience,False,not_stated,False,False,AIONCA,
internvl_gptoss,lineage,training_energy,energy,spdx,disclosure,False,not_stated,False,False,,
internvl_gptoss,lineage,training_energy,energy,cdx,disclosure,False,not_stated,False,False,,
internvl_gptoss,lineage,training_energy,energy,eu,audience,False,not_stated,False,False,AIONCA,
internvl_gptoss,lineage,energy_methodology,energy,spdx,schema,True,not_stated,False,False,,
internvl_gptoss,lineage,energy_methodology,energy,cdx,schema,True,not_stated,False,False,,
internvl_gptoss,lineage,energy_methodology,energy,eu,audience,False,not_stated,False,False,AIONCA,
internvl_gptoss,lineage,carbon_emissions,energy,spdx,schema,False,not_stated,False,False,,
internvl_gptoss,lineage,carbon_emissions,energy,cdx,disclosure,False,not_stated,False,False,,
internvl_gptoss,lineage,carbon_emissions,energy,eu,schema,False,not_stated,False,False,,
internvl_gptoss,lineage,inference_compute,energy,spdx,schema,True,not_stated,False,False,,
internvl_gptoss,lineage,inference_compute,energy,cdx,schema,True,not_stated,False,False,,
internvl_gptoss,lineage,inference_compute,energy,eu,audience,False,not_stated,False,False,AIONCA,
internvl_gptoss,lineage,intended_uses,use,spdx,disclosure,False,not_stated,False,False,,
internvl_gptoss,lineage,intended_uses,use,cdx,disclosure,False,not_stated,False,False,,
internvl_gptoss,lineage,intended_uses,use,eu,disclosure,False,not_stated,False,False,AIONCADP,
internvl_gptoss,lineage,out_of_scope_uses,use,spdx,disclosure,False,not_stated,False,False,,
internvl_gptoss,lineage,out_of_scope_uses,use,cdx,schema,True,not_stated,False,False,,
internvl_gptoss,lineage,out_of_scope_uses,use,eu,disclosure,False,not_stated,False,False,AIONCADP,
internvl_gptoss,lineage,target_systems,use,spdx,structure,False,prose,True,False,,
internvl_gptoss,lineage,target_systems,use,cdx,structure,False,prose,True,False,,
internvl_gptoss,lineage,integration_means,use,spdx,schema,True,prose,True,False,,
internvl_gptoss,lineage,integration_means,use,cdx,schema,True,prose,True,False,,
internvl_gptoss,lineage,required_hardware,use,spdx,schema,True,prose,True,False,,
internvl_gptoss,lineage,required_hardware,use,cdx,schema,True,prose,True,False,,
internvl_gptoss,lineage,limitations,use,spdx,structure,False,prose,True,False,,
internvl_gptoss,lineage,limitations,use,cdx,structure,False,prose,True,False,,
internvl_gptoss,lineage,limitations,use,eu,schema,False,prose,True,False,,
internvl_gptoss,lineage,languages,use,spdx,schema,True,structured,True,False,,
internvl_gptoss,lineage,languages,use,cdx,schema,True,structured,True,False,,
internvl_gptoss,lineage,languages,use,eu,schema,False,structured,True,False,,
internvl_gptoss,lineage,eval_results,evaluation,spdx,disclosure,False,not_stated,False,False,,
internvl_gptoss,lineage,eval_results,evaluation,cdx,disclosure,False,not_stated,False,False,,
internvl_gptoss,lineage,eval_results,evaluation,eu,schema,False,not_stated,False,False,,
internvl_gptoss,lineage,eval_datasets,evaluation,spdx,structure,False,prose,True,False,,
internvl_gptoss,lineage,eval_datasets,evaluation,cdx,structure,False,prose,True,False,,
internvl_gptoss,lineage,eval_datasets,evaluation,eu,schema,False,prose,True,False,,
internvl_gptoss,lineage,eval_methodology,evaluation,spdx,schema,True,prose,True,False,,
internvl_gptoss,lineage,eval_methodology,evaluation,cdx,schema,True,prose,True,False,,
internvl_gptoss,lineage,eval_methodology,evaluation,eu,schema,False,prose,True,False,,
internvl_gptoss,lineage,safety_evaluation,safety,spdx,disclosure,False,not_stated,False,False,,
internvl_gptoss,lineage,safety_evaluation,safety,cdx,disclosure,False,not_stated,False,False,,
internvl_gptoss,lineage,safety_evaluation,safety,eu,schema,False,not_stated,False,False,,
internvl_gptoss,lineage,bias_fairness_evaluation,safety,spdx,schema,True,not_stated,False,False,,
internvl_gptoss,lineage,bias_fairness_evaluation,safety,cdx,disclosure,False,not_stated,False,False,,
internvl_gptoss,lineage,bias_fairness_evaluation,safety,eu,schema,False,not_stated,False,False,,
internvl_gptoss,lineage,autonomy,safety,spdx,disclosure,False,not_stated,False,False,,
internvl_gptoss,lineage,autonomy,safety,cdx,schema,True,not_stated,False,False,,
internvl_gptoss,lineage,autonomy,safety,eu,schema,False,not_stated,False,False,,
internvl_gptoss,lineage,explainability,safety,spdx,disclosure,False,not_stated,False,False,,
internvl_gptoss,lineage,explainability,safety,cdx,schema,True,not_stated,False,False,,
internvl_gptoss,lineage,explainability,safety,eu,schema,False,not_stated,False,False,,
internvl_gptoss,lineage,standards_compliance,safety,spdx,disclosure,False,not_stated,False,False,,
internvl_gptoss,lineage,standards_compliance,safety,cdx,schema,True,not_stated,False,False,,
internvl_gptoss,lineage,standards_compliance,safety,eu,schema,False,not_stated,False,False,,
internvl_gptoss,lineage,base_model_relation,lineage,spdx,schema,True,structured,True,False,,
internvl_gptoss,lineage,base_model_relation,lineage,cdx,schema,True,structured,True,False,,
internvl_gptoss,lineage,distribution_channels,distribution,spdx,structure,False,prose,True,False,,
internvl_gptoss,lineage,distribution_channels,distribution,cdx,structure,False,prose,True,False,,
twil_smollm,lineage,provider_name,identity,spdx,structure,False,prose,True,False,,
twil_smollm,lineage,provider_name,identity,cdx,structure,False,prose,True,False,,
twil_smollm,lineage,release_date,identity,spdx,disclosure,False,not_stated,False,False,,
twil_smollm,lineage,release_date,identity,cdx,schema,True,not_stated,False,False,,
twil_smollm,lineage,release_date,identity,eu,disclosure,False,not_stated,False,False,AIONCADP,
twil_smollm,lineage,eu_release_date,identity,spdx,schema,False,not_stated,False,False,,
twil_smollm,lineage,eu_release_date,identity,cdx,schema,False,not_stated,False,False,,
twil_smollm,lineage,eu_release_date,identity,eu,disclosure,False,not_stated,False,False,AIONCADP,
twil_smollm,lineage,acceptable_use_policy,licensing,spdx,schema,True,not_stated,False,False,,
twil_smollm,lineage,acceptable_use_policy,licensing,cdx,schema,True,not_stated,False,False,,
twil_smollm,lineage,acceptable_use_policy,licensing,eu,disclosure,False,not_stated,False,False,AIONCADP,
twil_smollm,lineage,access_conditions,licensing,spdx,schema,True,structured,True,False,,
twil_smollm,lineage,access_conditions,licensing,cdx,schema,True,structured,True,False,,
twil_smollm,lineage,access_conditions,licensing,eu,schema,False,structured,True,False,,
twil_smollm,lineage,additional_assets,licensing,spdx,schema,True,prose,True,False,,
twil_smollm,lineage,additional_assets,licensing,cdx,structure,False,prose,True,False,,externalReferences need URLs; the stated value is prose
twil_smollm,lineage,architecture_family,architecture,spdx,structure,False,prose,True,False,,
twil_smollm,lineage,architecture_family,architecture,cdx,structure,False,prose,True,False,,
twil_smollm,lineage,architecture_details,architecture,spdx,schema,True,prose,True,False,,
twil_smollm,lineage,architecture_details,architecture,cdx,structure,False,prose,True,False,,
twil_smollm,lineage,param_count,architecture,spdx,schema,True,structured,True,False,,
twil_smollm,lineage,param_count,architecture,cdx,schema,True,structured,True,False,,
twil_smollm,lineage,input_modalities,architecture,spdx,schema,True,structured,True,False,,
twil_smollm,lineage,max_input_size,architecture,cdx,schema,True,structured,True,False,,
twil_smollm,lineage,output_modalities,architecture,spdx,schema,True,structured,True,False,,
twil_smollm,lineage,max_output_size,architecture,spdx,schema,True,not_stated,False,False,,
twil_smollm,lineage,max_output_size,architecture,cdx,schema,True,not_stated,False,False,,
twil_smollm,lineage,max_output_size,architecture,eu,disclosure,False,not_stated,False,False,DP,
twil_smollm,lineage,task,architecture,spdx,schema,True,structured,True,False,,
twil_smollm,lineage,task,architecture,eu,schema,False,structured,True,False,,
twil_smollm,lineage,weights_precision,architecture,spdx,schema,True,structured,True,False,,
twil_smollm,lineage,weights_precision,architecture,cdx,schema,True,structured,True,False,,
twil_smollm,lineage,weights_precision,architecture,eu,schema,False,structured,True,False,,
twil_smollm,lineage,training_datasets,training_data,spdx,disclosure,False,not_stated,False,False,,
twil_smollm,lineage,training_datasets,training_data,cdx,disclosure,False,not_stated,False,False,,
twil_smollm,lineage,training_datasets,training_data,eu,schema,False,not_stated,False,False,,
twil_smollm,lineage,data_modality,training_data,spdx,disclosure,False,not_stated,False,False,,
twil_smollm,lineage,data_modality,training_data,cdx,schema,True,not_stated,False,False,,
twil_smollm,lineage,data_modality,training_data,eu,disclosure,False,not_stated,False,False,AIONCADP,
twil_smollm,lineage,data_provenance,training_data,spdx,structure,False,prose,True,False,,
twil_smollm,lineage,data_provenance,training_data,cdx,schema,True,prose,True,False,,
twil_smollm,lineage,data_acquisition,training_data,spdx,structure,False,prose,True,False,,
twil_smollm,lineage,data_acquisition,training_data,cdx,schema,True,prose,True,False,,
twil_smollm,lineage,training_data_size,training_data,spdx,schema,True,not_stated,False,False,,
twil_smollm,lineage,training_data_size,training_data,cdx,schema,True,not_stated,False,False,,
twil_smollm,lineage,training_data_size,training_data,eu,audience,False,not_stated,False,False,AIONCA,
twil_smollm,lineage,data_scope,training_data,spdx,schema,True,prose,True,False,,
twil_smollm,lineage,data_scope,training_data,cdx,schema,True,prose,True,False,,
twil_smollm,lineage,knowledge_cutoff,training_data,spdx,schema,True,not_stated,False,False,,
twil_smollm,lineage,knowledge_cutoff,training_data,cdx,schema,True,not_stated,False,False,,
twil_smollm,lineage,knowledge_cutoff,training_data,eu,schema,False,not_stated,False,False,,
twil_smollm,lineage,data_curation,training_data,spdx,disclosure,False,not_stated,False,False,,
twil_smollm,lineage,data_curation,training_data,cdx,schema,True,not_stated,False,False,,
twil_smollm,lineage,data_curation,training_data,eu,disclosure,False,not_stated,False,False,AIONCADP,
twil_smollm,lineage,unsuitable_data_measures,training_data,spdx,schema,True,not_stated,False,False,,
twil_smollm,lineage,unsuitable_data_measures,training_data,cdx,schema,True,not_stated,False,False,,
twil_smollm,lineage,unsuitable_data_measures,training_data,eu,audience,False,not_stated,False,False,AIONCA,
twil_smollm,lineage,personal_data,training_data,spdx,disclosure,False,not_stated,False,False,,
twil_smollm,lineage,personal_data,training_data,cdx,disclosure,False,not_stated,False,False,,
twil_smollm,lineage,personal_data,training_data,eu,audience,False,not_stated,False,False,AIONCA,
twil_smollm,lineage,data_bias_measures,training_data,spdx,disclosure,False,not_stated,False,False,,
twil_smollm,lineage,data_bias_measures,training_data,cdx,disclosure,False,not_stated,False,False,,
twil_smollm,lineage,data_bias_measures,training_data,eu,audience,False,not_stated,False,False,AIONCA,
twil_smollm,lineage,training_method,training_process,spdx,structure,False,prose,True,False,,
twil_smollm,lineage,training_method,training_process,cdx,structure,False,prose,True,False,,modelParameters.approach.type is a 5-value enum; prose needs human classification
twil_smollm,lineage,design_rationale,training_process,spdx,schema,True,prose,True,False,,
twil_smollm,lineage,design_rationale,training_process,cdx,schema,True,prose,True,False,,
twil_smollm,lineage,hyperparameters,training_process,spdx,disclosure,False,not_stated,False,False,,
twil_smollm,lineage,hyperparameters,training_process,cdx,schema,True,not_stated,False,False,,
twil_smollm,lineage,hyperparameters,training_process,eu,audience,False,not_stated,False,False,AIONCA,
twil_smollm,lineage,training_hardware,training_process,spdx,schema,True,not_stated,False,False,,
twil_smollm,lineage,training_hardware,training_process,cdx,schema,True,not_stated,False,False,,
twil_smollm,lineage,training_hardware,training_process,eu,audience,False,not_stated,False,False,AIO,
twil_smollm,lineage,training_time,training_process,spdx,schema,True,not_stated,False,False,,
twil_smollm,lineage,training_time,training_process,cdx,schema,True,not_stated,False,False,,
twil_smollm,lineage,training_time,training_process,eu,audience,False,not_stated,False,False,AIONCA,
twil_smollm,lineage,training_compute,training_process,spdx,schema,True,not_stated,False,False,,
twil_smollm,lineage,training_compute,training_process,cdx,schema,True,not_stated,False,False,,
twil_smollm,lineage,training_compute,training_process,eu,audience,False,not_stated,False,False,AIONCA,
twil_smollm,lineage,compute_methodology,training_process,spdx,schema,True,not_stated,False,False,,
twil_smollm,lineage,compute_methodology,training_process,cdx,schema,True,not_stated,False,False,,
twil_smollm,lineage,compute_methodology,training_process,eu,audience,False,not_stated,False,False,AIONCA,
twil_smollm,lineage,training_energy,energy,spdx,disclosure,False,not_stated,False,False,,
twil_smollm,lineage,training_energy,energy,cdx,disclosure,False,not_stated,False,False,,
twil_smollm,lineage,training_energy,energy,eu,audience,False,not_stated,False,False,AIONCA,
twil_smollm,lineage,energy_methodology,energy,spdx,schema,True,not_stated,False,False,,
twil_smollm,lineage,energy_methodology,energy,cdx,schema,True,not_stated,False,False,,
twil_smollm,lineage,energy_methodology,energy,eu,audience,False,not_stated,False,False,AIONCA,
twil_smollm,lineage,carbon_emissions,energy,spdx,schema,False,not_stated,False,False,,
twil_smollm,lineage,carbon_emissions,energy,cdx,disclosure,False,not_stated,False,False,,
twil_smollm,lineage,carbon_emissions,energy,eu,schema,False,not_stated,False,False,,
twil_smollm,lineage,inference_compute,energy,spdx,schema,True,not_stated,False,False,,
twil_smollm,lineage,inference_compute,energy,cdx,schema,True,not_stated,False,False,,
twil_smollm,lineage,inference_compute,energy,eu,audience,False,not_stated,False,False,AIONCA,
twil_smollm,lineage,intended_uses,use,spdx,structure,False,prose,True,False,,
twil_smollm,lineage,intended_uses,use,cdx,structure,False,prose,True,False,,
twil_smollm,lineage,out_of_scope_uses,use,spdx,structure,False,prose,True,False,,
twil_smollm,lineage,out_of_scope_uses,use,cdx,schema,True,prose,True,False,,
twil_smollm,lineage,target_systems,use,spdx,disclosure,False,not_stated,False,False,,
twil_smollm,lineage,target_systems,use,cdx,disclosure,False,not_stated,False,False,,
twil_smollm,lineage,target_systems,use,eu,disclosure,False,not_stated,False,False,AIONCADP,
twil_smollm,lineage,integration_means,use,spdx,schema,True,prose,True,False,,
twil_smollm,lineage,integration_means,use,cdx,schema,True,prose,True,False,,
twil_smollm,lineage,required_hardware,use,spdx,schema,True,prose,True,False,,
twil_smollm,lineage,required_hardware,use,cdx,schema,True,prose,True,False,,
twil_smollm,lineage,limitations,use,spdx,structure,False,prose,True,False,,
twil_smollm,lineage,limitations,use,cdx,structure,False,prose,True,False,,
twil_smollm,lineage,limitations,use,eu,schema,False,prose,True,False,,
twil_smollm,lineage,languages,use,spdx,schema,True,structured,True,False,,
twil_smollm,lineage,languages,use,cdx,schema,True,structured,True,False,,
twil_smollm,lineage,languages,use,eu,schema,False,structured,True,False,,
twil_smollm,lineage,eval_results,evaluation,spdx,structure,False,prose,True,False,,
twil_smollm,lineage,eval_results,evaluation,cdx,structure,False,prose,True,False,,
twil_smollm,lineage,eval_results,evaluation,eu,schema,False,prose,True,False,,
twil_smollm,lineage,eval_datasets,evaluation,spdx,structure,False,prose,True,False,,
twil_smollm,lineage,eval_datasets,evaluation,cdx,structure,False,prose,True,False,,
twil_smollm,lineage,eval_datasets,evaluation,eu,schema,False,prose,True,False,,
twil_smollm,lineage,eval_methodology,evaluation,spdx,schema,True,prose,True,False,,
twil_smollm,lineage,eval_methodology,evaluation,cdx,schema,True,prose,True,False,,
twil_smollm,lineage,eval_methodology,evaluation,eu,schema,False,prose,True,False,,
twil_smollm,lineage,safety_evaluation,safety,spdx,disclosure,False,not_stated,False,False,,
twil_smollm,lineage,safety_evaluation,safety,cdx,disclosure,False,not_stated,False,False,,
twil_smollm,lineage,safety_evaluation,safety,eu,schema,False,not_stated,False,False,,
twil_smollm,lineage,bias_fairness_evaluation,safety,spdx,schema,True,not_stated,False,False,,
twil_smollm,lineage,bias_fairness_evaluation,safety,cdx,disclosure,False,not_stated,False,False,,
twil_smollm,lineage,bias_fairness_evaluation,safety,eu,schema,False,not_stated,False,False,,
twil_smollm,lineage,autonomy,safety,spdx,disclosure,False,not_stated,False,False,,
twil_smollm,lineage,autonomy,safety,cdx,schema,True,not_stated,False,False,,
twil_smollm,lineage,autonomy,safety,eu,schema,False,not_stated,False,False,,
twil_smollm,lineage,explainability,safety,spdx,disclosure,False,not_stated,False,False,,
twil_smollm,lineage,explainability,safety,cdx,schema,True,not_stated,False,False,,
twil_smollm,lineage,explainability,safety,eu,schema,False,not_stated,False,False,,
twil_smollm,lineage,standards_compliance,safety,spdx,disclosure,False,not_stated,False,False,,
twil_smollm,lineage,standards_compliance,safety,cdx,schema,True,not_stated,False,False,,
twil_smollm,lineage,standards_compliance,safety,eu,schema,False,not_stated,False,False,,
twil_smollm,lineage,base_model_relation,lineage,spdx,schema,True,structured,True,False,,
twil_smollm,lineage,base_model_relation,lineage,cdx,schema,True,structured,True,False,,
twil_smollm,lineage,distribution_channels,distribution,spdx,structure,False,prose,True,False,,
twil_smollm,lineage,distribution_channels,distribution,cdx,structure,False,prose,True,False,,
