model,target,fact_id,outcome,where,reason
olmo,spdx,provider_name,placed,suppliedBy -> Organization.name,
olmo,spdx,model_name,placed,name,
olmo,spdx,model_version,placed,software_packageVersion,
olmo,spdx,model_authenticity,placed,verifiedUsing,
olmo,spdx,release_date,not_disclosed,,
olmo,spdx,eu_release_date,not_disclosed,,
olmo,spdx,license,placed,hasDeclaredLicense,
olmo,spdx,acceptable_use_policy,escape_hatch,externalRef[externalRefType=other],
olmo,spdx,access_conditions,escape_hatch,comment,
olmo,spdx,additional_assets,escape_hatch,Relationship(other) -> software_Package,
olmo,spdx,architecture_family,placed,ai_typeOfModel,
olmo,spdx,architecture_details,not_disclosed,,
olmo,spdx,param_count,escape_hatch,ai_hyperparameter[key=parameterCount],
olmo,spdx,input_modalities,escape_hatch,ai_hyperparameter[key=inputModality],
olmo,spdx,max_input_size,placed,ai_hyperparameter[contextLength],
olmo,spdx,output_modalities,escape_hatch,ai_hyperparameter[key=outputModality],
olmo,spdx,max_output_size,not_disclosed,,
olmo,spdx,task,escape_hatch,ai_domain[],
olmo,spdx,weights_precision,escape_hatch,ai_hyperparameter[key=precision],
olmo,spdx,training_datasets,placed,Relationship(trainedOn),
olmo,spdx,data_modality,not_disclosed,,
olmo,spdx,data_provenance,not_disclosed,,
olmo,spdx,data_acquisition,not_disclosed,,
olmo,spdx,training_data_size,not_disclosed,,
olmo,spdx,data_scope,escape_hatch,dataset_DatasetPackage.description,
olmo,spdx,knowledge_cutoff,escape_hatch,dataset_DatasetPackage.comment,
olmo,spdx,data_curation,not_disclosed,,
olmo,spdx,unsuitable_data_measures,not_disclosed,,
olmo,spdx,personal_data,not_disclosed,,
olmo,spdx,data_bias_measures,not_disclosed,,
olmo,spdx,training_method,placed,ai_informationAboutTraining,
olmo,spdx,design_rationale,not_disclosed,,
olmo,spdx,hyperparameters,not_disclosed,,
olmo,spdx,training_hardware,not_disclosed,,
olmo,spdx,training_time,not_disclosed,,
olmo,spdx,training_compute,not_disclosed,,
olmo,spdx,compute_methodology,not_disclosed,,
olmo,spdx,training_energy,not_disclosed,,
olmo,spdx,energy_methodology,not_disclosed,,
olmo,spdx,carbon_emissions,not_disclosed,,
olmo,spdx,inference_compute,not_disclosed,,
olmo,spdx,intended_uses,placed,ai_informationAboutApplication,
olmo,spdx,out_of_scope_uses,not_disclosed,,
olmo,spdx,target_systems,not_disclosed,,
olmo,spdx,integration_means,escape_hatch,externalRef[externalRefType=documentation],
olmo,spdx,required_hardware,not_disclosed,,
olmo,spdx,required_software,placed,Relationship(dependsOn),
olmo,spdx,limitations,placed,ai_limitation,
olmo,spdx,languages,escape_hatch,ai_domain[] / comment,
olmo,spdx,eval_results,placed,ai_metric,
olmo,spdx,eval_datasets,placed,Relationship(testedOn),
olmo,spdx,eval_methodology,not_disclosed,,
olmo,spdx,safety_evaluation,unplaceable,ai_AIPackage.ai_safetyRiskAssessment,ai_safetyRiskAssessment is an enum; prose needs human classification
olmo,spdx,bias_fairness_evaluation,not_disclosed,,
olmo,spdx,autonomy,not_disclosed,,
olmo,spdx,explainability,not_disclosed,,
olmo,spdx,standards_compliance,not_disclosed,,
olmo,spdx,base_model,placed,Relationship(descendantOf),
olmo,spdx,base_model_relation,escape_hatch,Relationship(descendantOf).comment,
olmo,spdx,distribution_channels,placed,externalRef,
olmo,spdx,download_location,placed,software_downloadLocation,
olmo,cdx,provider_name,placed,supplier.name,
olmo,cdx,model_name,placed,name,
olmo,cdx,model_version,placed,version,
olmo,cdx,model_authenticity,placed,hashes,
olmo,cdx,release_date,not_disclosed,,
olmo,cdx,eu_release_date,not_disclosed,,
olmo,cdx,license,placed,licenses,
olmo,cdx,acceptable_use_policy,escape_hatch,components[].externalReferences[type=other],
olmo,cdx,access_conditions,escape_hatch,components[].properties[name=accessConditions],
olmo,cdx,additional_assets,unplaceable,components[].externalReferences[type=vcs|distribution|build-meta],externalReferences need URLs; the stated value is prose
olmo,cdx,architecture_family,placed,modelParameters.architectureFamily,
olmo,cdx,architecture_details,not_disclosed,,
olmo,cdx,param_count,escape_hatch,modelCard.properties[name=parameterCount],
olmo,cdx,input_modalities,placed,modelParameters.inputs,
olmo,cdx,max_input_size,escape_hatch,modelCard.properties[name=contextLength],
olmo,cdx,output_modalities,placed,modelParameters.outputs,
olmo,cdx,max_output_size,not_disclosed,,
olmo,cdx,task,placed,modelParameters.task,
olmo,cdx,weights_precision,escape_hatch,modelCard.properties[name=precision],
olmo,cdx,training_datasets,placed,modelParameters.datasets,
olmo,cdx,data_modality,not_disclosed,,
olmo,cdx,data_provenance,not_disclosed,,
olmo,cdx,data_acquisition,not_disclosed,,
olmo,cdx,training_data_size,not_disclosed,,
olmo,cdx,data_scope,escape_hatch,components[type=data].data[].description,
olmo,cdx,knowledge_cutoff,escape_hatch,components[type=data].properties[name=knowledgeCutoff],
olmo,cdx,data_curation,not_disclosed,,
olmo,cdx,unsuitable_data_measures,not_disclosed,,
olmo,cdx,personal_data,not_disclosed,,
olmo,cdx,data_bias_measures,not_disclosed,,
olmo,cdx,training_method,unplaceable,modelCard.modelParameters.approach.type,modelParameters.approach.type is a 5-value enum; prose needs human classification
olmo,cdx,design_rationale,not_disclosed,,
olmo,cdx,hyperparameters,not_disclosed,,
olmo,cdx,training_hardware,not_disclosed,,
olmo,cdx,training_time,not_disclosed,,
olmo,cdx,training_compute,not_disclosed,,
olmo,cdx,compute_methodology,not_disclosed,,
olmo,cdx,training_energy,not_disclosed,,
olmo,cdx,energy_methodology,not_disclosed,,
olmo,cdx,carbon_emissions,not_disclosed,,
olmo,cdx,inference_compute,not_disclosed,,
olmo,cdx,intended_uses,placed,considerations.useCases,
olmo,cdx,out_of_scope_uses,not_disclosed,,
olmo,cdx,target_systems,not_disclosed,,
olmo,cdx,integration_means,escape_hatch,components[].externalReferences[type=documentation],
olmo,cdx,required_hardware,not_disclosed,,
olmo,cdx,required_software,placed,dependencies,
olmo,cdx,limitations,placed,considerations.technicalLimitations,
olmo,cdx,languages,escape_hatch,modelCard.properties[name=language],
olmo,cdx,eval_results,placed,quantitativeAnalysis.performanceMetrics,
olmo,cdx,eval_datasets,placed,modelParameters.datasets,
olmo,cdx,eval_methodology,not_disclosed,,
olmo,cdx,safety_evaluation,placed,considerations.ethicalConsiderations,
olmo,cdx,bias_fairness_evaluation,not_disclosed,,
olmo,cdx,autonomy,not_disclosed,,
olmo,cdx,explainability,not_disclosed,,
olmo,cdx,standards_compliance,not_disclosed,,
olmo,cdx,base_model,placed,pedigree.ancestors,
olmo,cdx,base_model_relation,escape_hatch,components[].pedigree.notes,
olmo,cdx,distribution_channels,escape_hatch,components[].properties,externalReferences need a URL per channel; stated channels are prose
olmo,cdx,download_location,placed,externalReferences[distribution],
olmo,eu,provider_name,placed,legal_name_for_the_model_provider,
olmo,eu,model_name,placed,model_name,
olmo,eu,model_version,placed,model_name,
olmo,eu,model_authenticity,placed,model_authenticity,
olmo,eu,release_date,not_disclosed,,
olmo,eu,eu_release_date,not_disclosed,,
olmo,eu,license,placed,"license, license_2",
olmo,eu,acceptable_use_policy,placed,acceptable_use_policy,
olmo,eu,access_conditions,no_field,,
olmo,eu,additional_assets,placed,license_3,
olmo,eu,architecture_family,placed,model_architecture,
olmo,eu,architecture_details,not_disclosed,,
olmo,eu,param_count,placed,"total_model_size, total_model_size_2",
olmo,eu,input_modalities,placed,input_modalities,
olmo,eu,max_input_size,placed,input_modalities_maximum_size,
olmo,eu,output_modalities,placed,output_modalities_modalities,
olmo,eu,max_output_size,not_disclosed,,
olmo,eu,task,no_field,,
olmo,eu,weights_precision,no_field,,
olmo,eu,training_datasets,no_field,,
olmo,eu,data_modality,not_disclosed,,
olmo,eu,data_provenance,not_disclosed,,
olmo,eu,data_acquisition,not_disclosed,,
olmo,eu,training_data_size,not_disclosed,,
olmo,eu,data_scope,placed,scope_and_main_characteristics,
olmo,eu,knowledge_cutoff,no_field,,
olmo,eu,data_curation,not_disclosed,,
olmo,eu,unsuitable_data_measures,not_disclosed,,
olmo,eu,personal_data,not_disclosed,,
olmo,eu,data_bias_measures,not_disclosed,,
olmo,eu,training_method,placed,design_specifications_of_the_training_process,
olmo,eu,design_rationale,not_disclosed,,
olmo,eu,hyperparameters,not_disclosed,,
olmo,eu,training_hardware,not_disclosed,,
olmo,eu,training_time,not_disclosed,,
olmo,eu,training_compute,not_disclosed,,
olmo,eu,compute_methodology,not_disclosed,,
olmo,eu,training_energy,not_disclosed,,
olmo,eu,energy_methodology,not_disclosed,,
olmo,eu,carbon_emissions,not_disclosed,,
olmo,eu,inference_compute,not_disclosed,,
olmo,eu,intended_uses,placed,intended_uses,
olmo,eu,out_of_scope_uses,not_disclosed,,
olmo,eu,target_systems,not_disclosed,,
olmo,eu,integration_means,placed,technical_means_for_model_integration,
olmo,eu,required_hardware,not_disclosed,,
olmo,eu,required_software,placed,required_software,
olmo,eu,limitations,no_field,,
olmo,eu,languages,no_field,,
olmo,eu,eval_results,no_field,,
olmo,eu,eval_datasets,no_field,,
olmo,eu,eval_methodology,not_disclosed,,
olmo,eu,safety_evaluation,no_field,,
olmo,eu,bias_fairness_evaluation,not_disclosed,,
olmo,eu,autonomy,not_disclosed,,
olmo,eu,explainability,not_disclosed,,
olmo,eu,standards_compliance,not_disclosed,,
olmo,eu,base_model,placed,model_dependencies,
olmo,eu,base_model_relation,placed,model_dependencies,
olmo,eu,distribution_channels,placed,"distribution_channels, distribution_channels_2",
olmo,eu,download_location,placed,distribution_channels,
llama,spdx,provider_name,placed,suppliedBy -> Organization.name,
llama,spdx,model_name,placed,name,
llama,spdx,model_version,placed,software_packageVersion,
llama,spdx,model_authenticity,placed,verifiedUsing,
llama,spdx,release_date,placed,releaseTime,
llama,spdx,eu_release_date,not_disclosed,,
llama,spdx,license,placed,hasDeclaredLicense,
llama,spdx,acceptable_use_policy,escape_hatch,externalRef[externalRefType=other],
llama,spdx,access_conditions,escape_hatch,comment,
llama,spdx,additional_assets,escape_hatch,Relationship(other) -> software_Package,
llama,spdx,architecture_family,placed,ai_typeOfModel,
llama,spdx,architecture_details,escape_hatch,description,
llama,spdx,param_count,escape_hatch,ai_hyperparameter[key=parameterCount],
llama,spdx,input_modalities,escape_hatch,ai_hyperparameter[key=inputModality],
llama,spdx,max_input_size,placed,ai_hyperparameter[contextLength],
llama,spdx,output_modalities,escape_hatch,ai_hyperparameter[key=outputModality],
llama,spdx,max_output_size,not_disclosed,,
llama,spdx,task,escape_hatch,ai_domain[],
llama,spdx,weights_precision,escape_hatch,ai_hyperparameter[key=precision],
llama,spdx,training_datasets,not_disclosed,,
llama,spdx,data_modality,placed,dataset_datasetType,
llama,spdx,data_provenance,placed,dataset_dataCollectionProcess,
llama,spdx,data_acquisition,placed,dataset_dataCollectionProcess,
llama,spdx,training_data_size,escape_hatch,dataset_DatasetPackage.dataset_datasetSize,
llama,spdx,data_scope,escape_hatch,dataset_DatasetPackage.description,
llama,spdx,knowledge_cutoff,escape_hatch,dataset_DatasetPackage.comment,
llama,spdx,data_curation,placed,dataset_dataPreprocessing,
llama,spdx,unsuitable_data_measures,escape_hatch,dataset_DatasetPackage.comment,
llama,spdx,personal_data,unplaceable,dataset_hasSensitivePersonalInformation / dataset_anonymizationMethodUsed / ai_useSensitivePersonalInformation,dataset_hasSensitivePersonalInformation is a yes/no/noAssertion enum; prose needs human classification
llama,spdx,data_bias_measures,not_disclosed,,
llama,spdx,training_method,placed,ai_informationAboutTraining,
llama,spdx,design_rationale,escape_hatch,ai_AIPackage.comment,
llama,spdx,hyperparameters,not_disclosed,,
llama,spdx,training_hardware,escape_hatch,ai_AIPackage.ai_informationAboutTraining,
llama,spdx,training_time,escape_hatch,ai_AIPackage.ai_informationAboutTraining,
llama,spdx,training_compute,not_disclosed,,
llama,spdx,compute_methodology,escape_hatch,ai_AIPackage.comment,
llama,spdx,training_energy,not_disclosed,,
llama,spdx,energy_methodology,escape_hatch,ai_AIPackage.comment,
llama,spdx,carbon_emissions,no_field,,
llama,spdx,inference_compute,not_disclosed,,
llama,spdx,intended_uses,placed,ai_informationAboutApplication,
llama,spdx,out_of_scope_uses,placed,ai_informationAboutApplication,
llama,spdx,target_systems,placed,ai_informationAboutApplication,
llama,spdx,integration_means,escape_hatch,externalRef[externalRefType=documentation],
llama,spdx,required_hardware,escape_hatch,ai_AIPackage.comment,
llama,spdx,required_software,placed,Relationship(dependsOn),
llama,spdx,limitations,placed,ai_limitation,
llama,spdx,languages,escape_hatch,ai_domain[] / comment,
llama,spdx,eval_results,placed,ai_metric,
llama,spdx,eval_datasets,placed,Relationship(testedOn),
llama,spdx,eval_methodology,escape_hatch,ai_AIPackage.comment,
llama,spdx,safety_evaluation,unplaceable,ai_AIPackage.ai_safetyRiskAssessment,ai_safetyRiskAssessment is an enum; prose needs human classification
llama,spdx,bias_fairness_evaluation,not_disclosed,,
llama,spdx,autonomy,not_disclosed,,
llama,spdx,explainability,not_disclosed,,
llama,spdx,standards_compliance,not_disclosed,,
llama,spdx,base_model,placed,Relationship(descendantOf),
llama,spdx,base_model_relation,escape_hatch,Relationship(descendantOf).comment,
llama,spdx,distribution_channels,placed,externalRef,
llama,spdx,download_location,placed,software_downloadLocation,
llama,cdx,provider_name,placed,supplier.name,
llama,cdx,model_name,placed,name,
llama,cdx,model_version,placed,version,
llama,cdx,model_authenticity,placed,hashes,
llama,cdx,release_date,escape_hatch,components[].properties[name=releaseDate],
llama,cdx,eu_release_date,not_disclosed,,
llama,cdx,license,placed,licenses,
llama,cdx,acceptable_use_policy,escape_hatch,components[].externalReferences[type=other],
llama,cdx,access_conditions,escape_hatch,components[].properties[name=accessConditions],
llama,cdx,additional_assets,unplaceable,components[].externalReferences[type=vcs|distribution|build-meta],externalReferences need URLs; the stated value is prose
llama,cdx,architecture_family,placed,modelParameters.architectureFamily,
llama,cdx,architecture_details,placed,modelParameters.modelArchitecture,
llama,cdx,param_count,escape_hatch,modelCard.properties[name=parameterCount],
llama,cdx,input_modalities,placed,modelParameters.inputs,
llama,cdx,max_input_size,escape_hatch,modelCard.properties[name=contextLength],
llama,cdx,output_modalities,placed,modelParameters.outputs,
llama,cdx,max_output_size,not_disclosed,,
llama,cdx,task,placed,modelParameters.task,
llama,cdx,weights_precision,escape_hatch,modelCard.properties[name=precision],
llama,cdx,training_datasets,not_disclosed,,
llama,cdx,data_modality,escape_hatch,components[type=data].data[].classification,
llama,cdx,data_provenance,escape_hatch,components[type=data].data[].description,
llama,cdx,data_acquisition,escape_hatch,components[type=data].data[].description,
llama,cdx,training_data_size,escape_hatch,components[type=data].properties[name=size],
llama,cdx,data_scope,escape_hatch,components[type=data].data[].description,
llama,cdx,knowledge_cutoff,escape_hatch,components[type=data].properties[name=knowledgeCutoff],
llama,cdx,data_curation,escape_hatch,components[type=data].data[].description,
llama,cdx,unsuitable_data_measures,escape_hatch,components[type=data].data[].description,
llama,cdx,personal_data,placed,data[].sensitiveData,
llama,cdx,data_bias_measures,not_disclosed,,
llama,cdx,training_method,unplaceable,modelCard.modelParameters.approach.type,modelParameters.approach.type is a 5-value enum; prose needs human classification
llama,cdx,design_rationale,escape_hatch,modelCard.properties[name=designRationale],
llama,cdx,hyperparameters,not_disclosed,,
llama,cdx,training_hardware,escape_hatch,modelCard.considerations.environmentalConsiderations.properties[],
llama,cdx,training_time,escape_hatch,modelCard.properties[name=trainingTime],
llama,cdx,training_compute,not_disclosed,,
llama,cdx,compute_methodology,escape_hatch,modelCard.properties[name=trainingComputeMethodology],
llama,cdx,training_energy,not_disclosed,,
llama,cdx,energy_methodology,escape_hatch,modelCard.considerations.environmentalConsiderations.properties[],
llama,cdx,carbon_emissions,unplaceable,modelCard.considerations.environmentalConsiderations.energyConsumptions[].co2CostEquivalent,co2CostEquivalent sits inside an energyConsumption that requires energy provider details
llama,cdx,inference_compute,not_disclosed,,
llama,cdx,intended_uses,placed,considerations.useCases,
llama,cdx,out_of_scope_uses,escape_hatch,modelCard.considerations.technicalLimitations[],
llama,cdx,target_systems,placed,considerations.useCases,
llama,cdx,integration_means,escape_hatch,components[].externalReferences[type=documentation],
llama,cdx,required_hardware,escape_hatch,modelCard.properties[name=requiredHardware],
llama,cdx,required_software,placed,dependencies,
llama,cdx,limitations,placed,considerations.technicalLimitations,
llama,cdx,languages,escape_hatch,modelCard.properties[name=language],
llama,cdx,eval_results,placed,quantitativeAnalysis.performanceMetrics,
llama,cdx,eval_datasets,placed,modelParameters.datasets,
llama,cdx,eval_methodology,escape_hatch,modelCard.quantitativeAnalysis.properties,
llama,cdx,safety_evaluation,placed,considerations.ethicalConsiderations,
llama,cdx,bias_fairness_evaluation,not_disclosed,,
llama,cdx,autonomy,not_disclosed,,
llama,cdx,explainability,not_disclosed,,
llama,cdx,standards_compliance,not_disclosed,,
llama,cdx,base_model,placed,pedigree.ancestors,
llama,cdx,base_model_relation,escape_hatch,components[].pedigree.notes,
llama,cdx,distribution_channels,escape_hatch,components[].properties,externalReferences need a URL per channel; stated channels are prose
llama,cdx,download_location,placed,externalReferences[distribution],
llama,eu,provider_name,placed,legal_name_for_the_model_provider,
llama,eu,model_name,placed,model_name,
llama,eu,model_version,placed,model_name,
llama,eu,model_authenticity,placed,model_authenticity,
llama,eu,release_date,placed,release_date,
llama,eu,eu_release_date,not_disclosed,,
llama,eu,license,placed,"license, license_2",
llama,eu,acceptable_use_policy,placed,acceptable_use_policy,
llama,eu,access_conditions,no_field,,
llama,eu,additional_assets,placed,license_3,
llama,eu,architecture_family,placed,model_architecture,
llama,eu,architecture_details,placed,design_specifications_of_the_model,
llama,eu,param_count,placed,"total_model_size, total_model_size_2",
llama,eu,input_modalities,placed,input_modalities,
llama,eu,max_input_size,placed,input_modalities_maximum_size,
llama,eu,output_modalities,placed,output_modalities_modalities,
llama,eu,max_output_size,not_disclosed,,
llama,eu,task,no_field,,
llama,eu,weights_precision,no_field,,
llama,eu,training_datasets,not_disclosed,,
llama,eu,data_modality,placed,data_type_modality_select_all_that_apply,
llama,eu,data_provenance,placed,data_provenance_select_all_that_apply,
llama,eu,data_acquisition,placed,how_data_was_obtained_and_selected,
llama,eu,training_data_size,placed,"number_of_data_points, number_of_data_points_2",
llama,eu,data_scope,placed,scope_and_main_characteristics,
llama,eu,knowledge_cutoff,no_field,,
llama,eu,data_curation,placed,data_curation_methodologies,
llama,eu,unsuitable_data_measures,placed,measures_to_detect_unsuitability_of_data_sources,
llama,eu,personal_data,placed,measures_to_detect_unsuitability_of_data_sources,
llama,eu,data_bias_measures,not_disclosed,,
llama,eu,training_method,placed,design_specifications_of_the_training_process,
llama,eu,design_rationale,placed,decision_rationale,
llama,eu,hyperparameters,not_disclosed,,
llama,eu,training_hardware,placed,training_time_2,
llama,eu,training_time,placed,"training_time, training_time_2",
llama,eu,training_compute,not_disclosed,,
llama,eu,compute_methodology,placed,amount_of_computation_used_for_training_2_methodology,
llama,eu,training_energy,not_disclosed,,
llama,eu,energy_methodology,placed,amount_of_energy_used_for_training_methodology,
llama,eu,carbon_emissions,no_field,,
llama,eu,inference_compute,not_disclosed,,
llama,eu,intended_uses,placed,intended_uses,
llama,eu,out_of_scope_uses,placed,type_and_nature_of_ai_systems_in_which_the_general,
llama,eu,target_systems,placed,type_and_nature_of_ai_systems_in_which_the_general,
llama,eu,integration_means,placed,technical_means_for_model_integration,
llama,eu,required_hardware,placed,required_hardware,
llama,eu,required_software,placed,required_software,
llama,eu,limitations,no_field,,
llama,eu,languages,no_field,,
llama,eu,eval_results,no_field,,
llama,eu,eval_datasets,no_field,,
llama,eu,eval_methodology,no_field,,
llama,eu,safety_evaluation,no_field,,
llama,eu,bias_fairness_evaluation,not_disclosed,,
llama,eu,autonomy,not_disclosed,,
llama,eu,explainability,not_disclosed,,
llama,eu,standards_compliance,not_disclosed,,
llama,eu,base_model,placed,model_dependencies,
llama,eu,base_model_relation,placed,model_dependencies,
llama,eu,distribution_channels,placed,"distribution_channels, distribution_channels_2",
llama,eu,download_location,placed,distribution_channels,
gemma,spdx,provider_name,placed,suppliedBy -> Organization.name,
gemma,spdx,model_name,placed,name,
gemma,spdx,model_version,placed,software_packageVersion,
gemma,spdx,model_authenticity,placed,verifiedUsing,
gemma,spdx,release_date,not_disclosed,,
gemma,spdx,eu_release_date,not_disclosed,,
gemma,spdx,license,placed,hasDeclaredLicense,
gemma,spdx,acceptable_use_policy,not_disclosed,,
gemma,spdx,access_conditions,escape_hatch,comment,
gemma,spdx,additional_assets,escape_hatch,Relationship(other) -> software_Package,
gemma,spdx,architecture_family,placed,ai_typeOfModel,
gemma,spdx,architecture_details,escape_hatch,description,
gemma,spdx,param_count,escape_hatch,ai_hyperparameter[key=parameterCount],
gemma,spdx,input_modalities,escape_hatch,ai_hyperparameter[key=inputModality],
gemma,spdx,max_input_size,placed,ai_hyperparameter[contextLength],
gemma,spdx,output_modalities,escape_hatch,ai_hyperparameter[key=outputModality],
gemma,spdx,max_output_size,not_disclosed,,
gemma,spdx,task,escape_hatch,ai_domain[],
gemma,spdx,weights_precision,escape_hatch,ai_hyperparameter[key=precision],
gemma,spdx,training_datasets,not_disclosed,,
gemma,spdx,data_modality,placed,dataset_datasetType,
gemma,spdx,data_provenance,placed,dataset_dataCollectionProcess,
gemma,spdx,data_acquisition,placed,dataset_dataCollectionProcess,
gemma,spdx,training_data_size,not_disclosed,,
gemma,spdx,data_scope,escape_hatch,dataset_DatasetPackage.description,
gemma,spdx,knowledge_cutoff,escape_hatch,dataset_DatasetPackage.comment,
gemma,spdx,data_curation,placed,dataset_dataPreprocessing,
gemma,spdx,unsuitable_data_measures,escape_hatch,dataset_DatasetPackage.comment,
gemma,spdx,personal_data,unplaceable,dataset_hasSensitivePersonalInformation / dataset_anonymizationMethodUsed / ai_useSensitivePersonalInformation,dataset_hasSensitivePersonalInformation is a yes/no/noAssertion enum; prose needs human classification
gemma,spdx,data_bias_measures,placed,dataset_knownBias,
gemma,spdx,training_method,not_disclosed,,
gemma,spdx,design_rationale,escape_hatch,ai_AIPackage.comment,
gemma,spdx,hyperparameters,not_disclosed,,
gemma,spdx,training_hardware,not_disclosed,,
gemma,spdx,training_time,not_disclosed,,
gemma,spdx,training_compute,not_disclosed,,
gemma,spdx,compute_methodology,not_disclosed,,
gemma,spdx,training_energy,not_disclosed,,
gemma,spdx,energy_methodology,not_disclosed,,
gemma,spdx,carbon_emissions,not_disclosed,,
gemma,spdx,inference_compute,not_disclosed,,
gemma,spdx,intended_uses,placed,ai_informationAboutApplication,
gemma,spdx,out_of_scope_uses,not_disclosed,,
gemma,spdx,target_systems,placed,ai_informationAboutApplication,
gemma,spdx,integration_means,escape_hatch,externalRef[externalRefType=documentation],
gemma,spdx,required_hardware,not_disclosed,,
gemma,spdx,required_software,placed,Relationship(dependsOn),
gemma,spdx,limitations,placed,ai_limitation,
gemma,spdx,languages,escape_hatch,ai_domain[] / comment,
gemma,spdx,eval_results,placed,ai_metric,
gemma,spdx,eval_datasets,placed,Relationship(testedOn),
gemma,spdx,eval_methodology,not_disclosed,,
gemma,spdx,safety_evaluation,unplaceable,ai_AIPackage.ai_safetyRiskAssessment,ai_safetyRiskAssessment is an enum; prose needs human classification
gemma,spdx,bias_fairness_evaluation,not_disclosed,,
gemma,spdx,autonomy,unplaceable,ai_AIPackage.ai_autonomyType,ai_autonomyType is an enum; prose needs human classification
gemma,spdx,explainability,not_disclosed,,
gemma,spdx,standards_compliance,placed,ai_standardCompliance,
gemma,spdx,base_model,placed,Relationship(descendantOf),
gemma,spdx,base_model_relation,escape_hatch,Relationship(descendantOf).comment,
gemma,spdx,distribution_channels,placed,externalRef,
gemma,spdx,download_location,placed,software_downloadLocation,
gemma,cdx,provider_name,placed,supplier.name,
gemma,cdx,model_name,placed,name,
gemma,cdx,model_version,placed,version,
gemma,cdx,model_authenticity,placed,hashes,
gemma,cdx,release_date,not_disclosed,,
gemma,cdx,eu_release_date,not_disclosed,,
gemma,cdx,license,placed,licenses,
gemma,cdx,acceptable_use_policy,not_disclosed,,
gemma,cdx,access_conditions,escape_hatch,components[].properties[name=accessConditions],
gemma,cdx,additional_assets,unplaceable,components[].externalReferences[type=vcs|distribution|build-meta],externalReferences need URLs; the stated value is prose
gemma,cdx,architecture_family,placed,modelParameters.architectureFamily,
gemma,cdx,architecture_details,placed,modelParameters.modelArchitecture,
gemma,cdx,param_count,escape_hatch,modelCard.properties[name=parameterCount],
gemma,cdx,input_modalities,placed,modelParameters.inputs,
gemma,cdx,max_input_size,escape_hatch,modelCard.properties[name=contextLength],
gemma,cdx,output_modalities,placed,modelParameters.outputs,
gemma,cdx,max_output_size,not_disclosed,,
gemma,cdx,task,placed,modelParameters.task,
gemma,cdx,weights_precision,escape_hatch,modelCard.properties[name=precision],
gemma,cdx,training_datasets,not_disclosed,,
gemma,cdx,data_modality,escape_hatch,components[type=data].data[].classification,
gemma,cdx,data_provenance,escape_hatch,components[type=data].data[].description,
gemma,cdx,data_acquisition,escape_hatch,components[type=data].data[].description,
gemma,cdx,training_data_size,not_disclosed,,
gemma,cdx,data_scope,escape_hatch,components[type=data].data[].description,
gemma,cdx,knowledge_cutoff,escape_hatch,components[type=data].properties[name=knowledgeCutoff],
gemma,cdx,data_curation,escape_hatch,components[type=data].data[].description,
gemma,cdx,unsuitable_data_measures,escape_hatch,components[type=data].data[].description,
gemma,cdx,personal_data,placed,data[].sensitiveData,
gemma,cdx,data_bias_measures,placed,considerations.fairnessAssessments,
gemma,cdx,training_method,not_disclosed,,
gemma,cdx,design_rationale,escape_hatch,modelCard.properties[name=designRationale],
gemma,cdx,hyperparameters,not_disclosed,,
gemma,cdx,training_hardware,not_disclosed,,
gemma,cdx,training_time,not_disclosed,,
gemma,cdx,training_compute,not_disclosed,,
gemma,cdx,compute_methodology,not_disclosed,,
gemma,cdx,training_energy,not_disclosed,,
gemma,cdx,energy_methodology,not_disclosed,,
gemma,cdx,carbon_emissions,not_disclosed,,
gemma,cdx,inference_compute,not_disclosed,,
gemma,cdx,intended_uses,placed,considerations.useCases,
gemma,cdx,out_of_scope_uses,not_disclosed,,
gemma,cdx,target_systems,placed,considerations.useCases,
gemma,cdx,integration_means,escape_hatch,components[].externalReferences[type=documentation],
gemma,cdx,required_hardware,not_disclosed,,
gemma,cdx,required_software,placed,dependencies,
gemma,cdx,limitations,placed,considerations.technicalLimitations,
gemma,cdx,languages,escape_hatch,modelCard.properties[name=language],
gemma,cdx,eval_results,placed,quantitativeAnalysis.performanceMetrics,
gemma,cdx,eval_datasets,placed,modelParameters.datasets,
gemma,cdx,eval_methodology,not_disclosed,,
gemma,cdx,safety_evaluation,placed,considerations.ethicalConsiderations,
gemma,cdx,bias_fairness_evaluation,not_disclosed,,
gemma,cdx,autonomy,escape_hatch,modelCard.properties[name=autonomyType],
gemma,cdx,explainability,not_disclosed,,
gemma,cdx,standards_compliance,escape_hatch,modelCard.properties[name=standardCompliance],
gemma,cdx,base_model,placed,pedigree.ancestors,
gemma,cdx,base_model_relation,escape_hatch,components[].pedigree.notes,
gemma,cdx,distribution_channels,escape_hatch,components[].properties,externalReferences need a URL per channel; stated channels are prose
gemma,cdx,download_location,placed,externalReferences[distribution],
gemma,eu,provider_name,placed,legal_name_for_the_model_provider,
gemma,eu,model_name,placed,model_name,
gemma,eu,model_version,placed,model_name,
gemma,eu,model_authenticity,placed,model_authenticity,
gemma,eu,release_date,not_disclosed,,
gemma,eu,eu_release_date,not_disclosed,,
gemma,eu,license,placed,"license, license_2",
gemma,eu,acceptable_use_policy,not_disclosed,,
gemma,eu,access_conditions,no_field,,
gemma,eu,additional_assets,placed,license_3,
gemma,eu,architecture_family,placed,model_architecture,
gemma,eu,architecture_details,placed,design_specifications_of_the_model,
gemma,eu,param_count,placed,"total_model_size, total_model_size_2",
gemma,eu,input_modalities,placed,input_modalities,
gemma,eu,max_input_size,placed,input_modalities_maximum_size,
gemma,eu,output_modalities,placed,output_modalities_modalities,
gemma,eu,max_output_size,not_disclosed,,
gemma,eu,task,no_field,,
gemma,eu,weights_precision,no_field,,
gemma,eu,training_datasets,not_disclosed,,
gemma,eu,data_modality,placed,data_type_modality_select_all_that_apply,
gemma,eu,data_provenance,placed,data_provenance_select_all_that_apply,
gemma,eu,data_acquisition,placed,how_data_was_obtained_and_selected,
gemma,eu,training_data_size,not_disclosed,,
gemma,eu,data_scope,placed,scope_and_main_characteristics,
gemma,eu,knowledge_cutoff,no_field,,
gemma,eu,data_curation,placed,data_curation_methodologies,
gemma,eu,unsuitable_data_measures,placed,measures_to_detect_unsuitability_of_data_sources,
gemma,eu,personal_data,placed,measures_to_detect_unsuitability_of_data_sources,
gemma,eu,data_bias_measures,placed,measures_to_detect_identifiable_biases,
gemma,eu,training_method,not_disclosed,,
gemma,eu,design_rationale,placed,decision_rationale,
gemma,eu,hyperparameters,not_disclosed,,
gemma,eu,training_hardware,not_disclosed,,
gemma,eu,training_time,not_disclosed,,
gemma,eu,training_compute,not_disclosed,,
gemma,eu,compute_methodology,not_disclosed,,
gemma,eu,training_energy,not_disclosed,,
gemma,eu,energy_methodology,not_disclosed,,
gemma,eu,carbon_emissions,not_disclosed,,
gemma,eu,inference_compute,not_disclosed,,
gemma,eu,intended_uses,placed,intended_uses,
gemma,eu,out_of_scope_uses,not_disclosed,,
gemma,eu,target_systems,placed,type_and_nature_of_ai_systems_in_which_the_general,
gemma,eu,integration_means,placed,technical_means_for_model_integration,
gemma,eu,required_hardware,not_disclosed,,
gemma,eu,required_software,placed,required_software,
gemma,eu,limitations,no_field,,
gemma,eu,languages,no_field,,
gemma,eu,eval_results,no_field,,
gemma,eu,eval_datasets,no_field,,
gemma,eu,eval_methodology,not_disclosed,,
gemma,eu,safety_evaluation,no_field,,
gemma,eu,bias_fairness_evaluation,not_disclosed,,
gemma,eu,autonomy,no_field,,
gemma,eu,explainability,not_disclosed,,
gemma,eu,standards_compliance,no_field,,
gemma,eu,base_model,placed,model_dependencies,
gemma,eu,base_model_relation,placed,model_dependencies,
gemma,eu,distribution_channels,placed,"distribution_channels, distribution_channels_2",
gemma,eu,download_location,placed,distribution_channels,
mistral,spdx,provider_name,placed,suppliedBy -> Organization.name,
mistral,spdx,model_name,placed,name,
mistral,spdx,model_version,placed,software_packageVersion,
mistral,spdx,model_authenticity,placed,verifiedUsing,
mistral,spdx,release_date,not_disclosed,,
mistral,spdx,eu_release_date,not_disclosed,,
mistral,spdx,license,placed,hasDeclaredLicense,
mistral,spdx,acceptable_use_policy,escape_hatch,externalRef[externalRefType=other],
mistral,spdx,access_conditions,escape_hatch,comment,
mistral,spdx,additional_assets,escape_hatch,Relationship(other) -> software_Package,
mistral,spdx,architecture_family,placed,ai_typeOfModel,
mistral,spdx,architecture_details,escape_hatch,description,
mistral,spdx,param_count,escape_hatch,ai_hyperparameter[key=parameterCount],
mistral,spdx,input_modalities,escape_hatch,ai_hyperparameter[key=inputModality],
mistral,spdx,max_input_size,placed,ai_hyperparameter[contextLength],
mistral,spdx,output_modalities,escape_hatch,ai_hyperparameter[key=outputModality],
mistral,spdx,max_output_size,not_disclosed,,
mistral,spdx,task,not_disclosed,,
mistral,spdx,weights_precision,escape_hatch,ai_hyperparameter[key=precision],
mistral,spdx,training_datasets,not_disclosed,,
mistral,spdx,data_modality,not_disclosed,,
mistral,spdx,data_provenance,not_disclosed,,
mistral,spdx,data_acquisition,not_disclosed,,
mistral,spdx,training_data_size,not_disclosed,,
mistral,spdx,data_scope,not_disclosed,,
mistral,spdx,knowledge_cutoff,not_disclosed,,
mistral,spdx,data_curation,not_disclosed,,
mistral,spdx,unsuitable_data_measures,not_disclosed,,
mistral,spdx,personal_data,not_disclosed,,
mistral,spdx,data_bias_measures,not_disclosed,,
mistral,spdx,training_method,placed,ai_informationAboutTraining,
mistral,spdx,design_rationale,escape_hatch,ai_AIPackage.comment,
mistral,spdx,hyperparameters,not_disclosed,,
mistral,spdx,training_hardware,not_disclosed,,
mistral,spdx,training_time,not_disclosed,,
mistral,spdx,training_compute,not_disclosed,,
mistral,spdx,compute_methodology,not_disclosed,,
mistral,spdx,training_energy,not_disclosed,,
mistral,spdx,energy_methodology,not_disclosed,,
mistral,spdx,carbon_emissions,not_disclosed,,
mistral,spdx,inference_compute,not_disclosed,,
mistral,spdx,intended_uses,placed,ai_informationAboutApplication,
mistral,spdx,out_of_scope_uses,placed,ai_informationAboutApplication,
mistral,spdx,target_systems,placed,ai_informationAboutApplication,
mistral,spdx,integration_means,escape_hatch,externalRef[externalRefType=documentation],
mistral,spdx,required_hardware,escape_hatch,ai_AIPackage.comment,
mistral,spdx,required_software,placed,Relationship(dependsOn),
mistral,spdx,limitations,placed,ai_limitation,
mistral,spdx,languages,escape_hatch,ai_domain[] / comment,
mistral,spdx,eval_results,placed,ai_metric,
mistral,spdx,eval_datasets,placed,Relationship(testedOn),
mistral,spdx,eval_methodology,not_disclosed,,
mistral,spdx,safety_evaluation,not_disclosed,,
mistral,spdx,bias_fairness_evaluation,not_disclosed,,
mistral,spdx,autonomy,not_disclosed,,
mistral,spdx,explainability,not_disclosed,,
mistral,spdx,standards_compliance,not_disclosed,,
mistral,spdx,base_model,not_disclosed,,
mistral,spdx,base_model_relation,not_disclosed,,
mistral,spdx,distribution_channels,placed,externalRef,
mistral,spdx,download_location,placed,software_downloadLocation,
mistral,cdx,provider_name,placed,supplier.name,
mistral,cdx,model_name,placed,name,
mistral,cdx,model_version,placed,version,
mistral,cdx,model_authenticity,placed,hashes,
mistral,cdx,release_date,not_disclosed,,
mistral,cdx,eu_release_date,not_disclosed,,
mistral,cdx,license,placed,licenses,
mistral,cdx,acceptable_use_policy,escape_hatch,components[].externalReferences[type=other],
mistral,cdx,access_conditions,escape_hatch,components[].properties[name=accessConditions],
mistral,cdx,additional_assets,unplaceable,components[].externalReferences[type=vcs|distribution|build-meta],externalReferences need URLs; the stated value is prose
mistral,cdx,architecture_family,placed,modelParameters.architectureFamily,
mistral,cdx,architecture_details,placed,modelParameters.modelArchitecture,
mistral,cdx,param_count,escape_hatch,modelCard.properties[name=parameterCount],
mistral,cdx,input_modalities,placed,modelParameters.inputs,
mistral,cdx,max_input_size,escape_hatch,modelCard.properties[name=contextLength],
mistral,cdx,output_modalities,placed,modelParameters.outputs,
mistral,cdx,max_output_size,not_disclosed,,
mistral,cdx,task,not_disclosed,,
mistral,cdx,weights_precision,escape_hatch,modelCard.properties[name=precision],
mistral,cdx,training_datasets,not_disclosed,,
mistral,cdx,data_modality,not_disclosed,,
mistral,cdx,data_provenance,not_disclosed,,
mistral,cdx,data_acquisition,not_disclosed,,
mistral,cdx,training_data_size,not_disclosed,,
mistral,cdx,data_scope,not_disclosed,,
mistral,cdx,knowledge_cutoff,not_disclosed,,
mistral,cdx,data_curation,not_disclosed,,
mistral,cdx,unsuitable_data_measures,not_disclosed,,
mistral,cdx,personal_data,not_disclosed,,
mistral,cdx,data_bias_measures,not_disclosed,,
mistral,cdx,training_method,unplaceable,modelCard.modelParameters.approach.type,modelParameters.approach.type is a 5-value enum; prose needs human classification
mistral,cdx,design_rationale,escape_hatch,modelCard.properties[name=designRationale],
mistral,cdx,hyperparameters,not_disclosed,,
mistral,cdx,training_hardware,not_disclosed,,
mistral,cdx,training_time,not_disclosed,,
mistral,cdx,training_compute,not_disclosed,,
mistral,cdx,compute_methodology,not_disclosed,,
mistral,cdx,training_energy,not_disclosed,,
mistral,cdx,energy_methodology,not_disclosed,,
mistral,cdx,carbon_emissions,not_disclosed,,
mistral,cdx,inference_compute,not_disclosed,,
mistral,cdx,intended_uses,placed,considerations.useCases,
mistral,cdx,out_of_scope_uses,escape_hatch,modelCard.considerations.technicalLimitations[],
mistral,cdx,target_systems,placed,considerations.useCases,
mistral,cdx,integration_means,escape_hatch,components[].externalReferences[type=documentation],
mistral,cdx,required_hardware,escape_hatch,modelCard.properties[name=requiredHardware],
mistral,cdx,required_software,placed,dependencies,
mistral,cdx,limitations,placed,considerations.technicalLimitations,
mistral,cdx,languages,escape_hatch,modelCard.properties[name=language],
mistral,cdx,eval_results,placed,quantitativeAnalysis.performanceMetrics,
mistral,cdx,eval_datasets,placed,modelParameters.datasets,
mistral,cdx,eval_methodology,not_disclosed,,
mistral,cdx,safety_evaluation,not_disclosed,,
mistral,cdx,bias_fairness_evaluation,not_disclosed,,
mistral,cdx,autonomy,not_disclosed,,
mistral,cdx,explainability,not_disclosed,,
mistral,cdx,standards_compliance,not_disclosed,,
mistral,cdx,base_model,not_disclosed,,
mistral,cdx,base_model_relation,not_disclosed,,
mistral,cdx,distribution_channels,escape_hatch,components[].properties,externalReferences need a URL per channel; stated channels are prose
mistral,cdx,download_location,placed,externalReferences[distribution],
mistral,eu,provider_name,placed,legal_name_for_the_model_provider,
mistral,eu,model_name,placed,model_name,
mistral,eu,model_version,placed,model_name,
mistral,eu,model_authenticity,placed,model_authenticity,
mistral,eu,release_date,not_disclosed,,
mistral,eu,eu_release_date,not_disclosed,,
mistral,eu,license,placed,"license, license_2",
mistral,eu,acceptable_use_policy,placed,acceptable_use_policy,
mistral,eu,access_conditions,no_field,,
mistral,eu,additional_assets,placed,license_3,
mistral,eu,architecture_family,placed,model_architecture,
mistral,eu,architecture_details,placed,design_specifications_of_the_model,
mistral,eu,param_count,placed,"total_model_size, total_model_size_2",
mistral,eu,input_modalities,placed,input_modalities,
mistral,eu,max_input_size,placed,input_modalities_maximum_size,
mistral,eu,output_modalities,placed,output_modalities_modalities,
mistral,eu,max_output_size,not_disclosed,,
mistral,eu,task,not_disclosed,,
mistral,eu,weights_precision,no_field,,
mistral,eu,training_datasets,not_disclosed,,
mistral,eu,data_modality,not_disclosed,,
mistral,eu,data_provenance,not_disclosed,,
mistral,eu,data_acquisition,not_disclosed,,
mistral,eu,training_data_size,not_disclosed,,
mistral,eu,data_scope,not_disclosed,,
mistral,eu,knowledge_cutoff,not_disclosed,,
mistral,eu,data_curation,not_disclosed,,
mistral,eu,unsuitable_data_measures,not_disclosed,,
mistral,eu,personal_data,not_disclosed,,
mistral,eu,data_bias_measures,not_disclosed,,
mistral,eu,training_method,placed,design_specifications_of_the_training_process,
mistral,eu,design_rationale,placed,decision_rationale,
mistral,eu,hyperparameters,not_disclosed,,
mistral,eu,training_hardware,not_disclosed,,
mistral,eu,training_time,not_disclosed,,
mistral,eu,training_compute,not_disclosed,,
mistral,eu,compute_methodology,not_disclosed,,
mistral,eu,training_energy,not_disclosed,,
mistral,eu,energy_methodology,not_disclosed,,
mistral,eu,carbon_emissions,not_disclosed,,
mistral,eu,inference_compute,not_disclosed,,
mistral,eu,intended_uses,placed,intended_uses,
mistral,eu,out_of_scope_uses,placed,type_and_nature_of_ai_systems_in_which_the_general,
mistral,eu,target_systems,placed,type_and_nature_of_ai_systems_in_which_the_general,
mistral,eu,integration_means,placed,technical_means_for_model_integration,
mistral,eu,required_hardware,placed,required_hardware,
mistral,eu,required_software,placed,required_software,
mistral,eu,limitations,no_field,,
mistral,eu,languages,no_field,,
mistral,eu,eval_results,no_field,,
mistral,eu,eval_datasets,no_field,,
mistral,eu,eval_methodology,not_disclosed,,
mistral,eu,safety_evaluation,not_disclosed,,
mistral,eu,bias_fairness_evaluation,not_disclosed,,
mistral,eu,autonomy,not_disclosed,,
mistral,eu,explainability,not_disclosed,,
mistral,eu,standards_compliance,not_disclosed,,
mistral,eu,base_model,not_disclosed,,
mistral,eu,base_model_relation,not_disclosed,,
mistral,eu,distribution_channels,placed,"distribution_channels, distribution_channels_2",
mistral,eu,download_location,placed,distribution_channels,
qwen,spdx,provider_name,placed,suppliedBy -> Organization.name,
qwen,spdx,model_name,placed,name,
qwen,spdx,model_version,placed,software_packageVersion,
qwen,spdx,model_authenticity,placed,verifiedUsing,
qwen,spdx,release_date,not_disclosed,,
qwen,spdx,eu_release_date,not_disclosed,,
qwen,spdx,license,placed,hasDeclaredLicense,
qwen,spdx,acceptable_use_policy,not_disclosed,,
qwen,spdx,access_conditions,escape_hatch,comment,
qwen,spdx,additional_assets,escape_hatch,Relationship(other) -> software_Package,
qwen,spdx,architecture_family,placed,ai_typeOfModel,
qwen,spdx,architecture_details,escape_hatch,description,
qwen,spdx,param_count,escape_hatch,ai_hyperparameter[key=parameterCount],
qwen,spdx,input_modalities,escape_hatch,ai_hyperparameter[key=inputModality],
qwen,spdx,max_input_size,placed,ai_hyperparameter[contextLength],
qwen,spdx,output_modalities,escape_hatch,ai_hyperparameter[key=outputModality],
qwen,spdx,max_output_size,escape_hatch,ai_hyperparameter[key=maxOutputTokens],
qwen,spdx,task,escape_hatch,ai_domain[],
qwen,spdx,weights_precision,escape_hatch,ai_hyperparameter[key=precision],
qwen,spdx,training_datasets,not_disclosed,,
qwen,spdx,data_modality,not_disclosed,,
qwen,spdx,data_provenance,not_disclosed,,
qwen,spdx,data_acquisition,not_disclosed,,
qwen,spdx,training_data_size,not_disclosed,,
qwen,spdx,data_scope,not_disclosed,,
qwen,spdx,knowledge_cutoff,not_disclosed,,
qwen,spdx,data_curation,not_disclosed,,
qwen,spdx,unsuitable_data_measures,not_disclosed,,
qwen,spdx,personal_data,not_disclosed,,
qwen,spdx,data_bias_measures,not_disclosed,,
qwen,spdx,training_method,placed,ai_informationAboutTraining,
qwen,spdx,design_rationale,not_disclosed,,
qwen,spdx,hyperparameters,not_disclosed,,
qwen,spdx,training_hardware,not_disclosed,,
qwen,spdx,training_time,not_disclosed,,
qwen,spdx,training_compute,not_disclosed,,
qwen,spdx,compute_methodology,not_disclosed,,
qwen,spdx,training_energy,not_disclosed,,
qwen,spdx,energy_methodology,not_disclosed,,
qwen,spdx,carbon_emissions,not_disclosed,,
qwen,spdx,inference_compute,not_disclosed,,
qwen,spdx,intended_uses,placed,ai_informationAboutApplication,
qwen,spdx,out_of_scope_uses,not_disclosed,,
qwen,spdx,target_systems,placed,ai_informationAboutApplication,
qwen,spdx,integration_means,escape_hatch,externalRef[externalRefType=documentation],
qwen,spdx,required_hardware,not_disclosed,,
qwen,spdx,required_software,placed,Relationship(dependsOn),
qwen,spdx,limitations,placed,ai_limitation,
qwen,spdx,languages,not_disclosed,,
qwen,spdx,eval_results,placed,ai_metric,
qwen,spdx,eval_datasets,placed,Relationship(testedOn),
qwen,spdx,eval_methodology,escape_hatch,ai_AIPackage.comment,
qwen,spdx,safety_evaluation,not_disclosed,,
qwen,spdx,bias_fairness_evaluation,not_disclosed,,
qwen,spdx,autonomy,unplaceable,ai_AIPackage.ai_autonomyType,ai_autonomyType is an enum; prose needs human classification
qwen,spdx,explainability,not_disclosed,,
qwen,spdx,standards_compliance,not_disclosed,,
qwen,spdx,base_model,not_disclosed,,
qwen,spdx,base_model_relation,not_disclosed,,
qwen,spdx,distribution_channels,placed,externalRef,
qwen,spdx,download_location,placed,software_downloadLocation,
qwen,cdx,provider_name,placed,supplier.name,
qwen,cdx,model_name,placed,name,
qwen,cdx,model_version,placed,version,
qwen,cdx,model_authenticity,placed,hashes,
qwen,cdx,release_date,not_disclosed,,
qwen,cdx,eu_release_date,not_disclosed,,
qwen,cdx,license,placed,licenses,
qwen,cdx,acceptable_use_policy,not_disclosed,,
qwen,cdx,access_conditions,escape_hatch,components[].properties[name=accessConditions],
qwen,cdx,additional_assets,unplaceable,components[].externalReferences[type=vcs|distribution|build-meta],externalReferences need URLs; the stated value is prose
qwen,cdx,architecture_family,placed,modelParameters.architectureFamily,
qwen,cdx,architecture_details,placed,modelParameters.modelArchitecture,
qwen,cdx,param_count,escape_hatch,modelCard.properties[name=parameterCount],
qwen,cdx,input_modalities,placed,modelParameters.inputs,
qwen,cdx,max_input_size,escape_hatch,modelCard.properties[name=contextLength],
qwen,cdx,output_modalities,placed,modelParameters.outputs,
qwen,cdx,max_output_size,escape_hatch,modelCard.properties[name=maxOutputSize],
qwen,cdx,task,placed,modelParameters.task,
qwen,cdx,weights_precision,escape_hatch,modelCard.properties[name=precision],
qwen,cdx,training_datasets,not_disclosed,,
qwen,cdx,data_modality,not_disclosed,,
qwen,cdx,data_provenance,not_disclosed,,
qwen,cdx,data_acquisition,not_disclosed,,
qwen,cdx,training_data_size,not_disclosed,,
qwen,cdx,data_scope,not_disclosed,,
qwen,cdx,knowledge_cutoff,not_disclosed,,
qwen,cdx,data_curation,not_disclosed,,
qwen,cdx,unsuitable_data_measures,not_disclosed,,
qwen,cdx,personal_data,not_disclosed,,
qwen,cdx,data_bias_measures,not_disclosed,,
qwen,cdx,training_method,unplaceable,modelCard.modelParameters.approach.type,modelParameters.approach.type is a 5-value enum; prose needs human classification
qwen,cdx,design_rationale,not_disclosed,,
qwen,cdx,hyperparameters,not_disclosed,,
qwen,cdx,training_hardware,not_disclosed,,
qwen,cdx,training_time,not_disclosed,,
qwen,cdx,training_compute,not_disclosed,,
qwen,cdx,compute_methodology,not_disclosed,,
qwen,cdx,training_energy,not_disclosed,,
qwen,cdx,energy_methodology,not_disclosed,,
qwen,cdx,carbon_emissions,not_disclosed,,
qwen,cdx,inference_compute,not_disclosed,,
qwen,cdx,intended_uses,placed,considerations.useCases,
qwen,cdx,out_of_scope_uses,not_disclosed,,
qwen,cdx,target_systems,placed,considerations.useCases,
qwen,cdx,integration_means,escape_hatch,components[].externalReferences[type=documentation],
qwen,cdx,required_hardware,not_disclosed,,
qwen,cdx,required_software,placed,dependencies,
qwen,cdx,limitations,placed,considerations.technicalLimitations,
qwen,cdx,languages,not_disclosed,,
qwen,cdx,eval_results,placed,quantitativeAnalysis.performanceMetrics,
qwen,cdx,eval_datasets,placed,modelParameters.datasets,
qwen,cdx,eval_methodology,escape_hatch,modelCard.quantitativeAnalysis.properties,
qwen,cdx,safety_evaluation,not_disclosed,,
qwen,cdx,bias_fairness_evaluation,not_disclosed,,
qwen,cdx,autonomy,escape_hatch,modelCard.properties[name=autonomyType],
qwen,cdx,explainability,not_disclosed,,
qwen,cdx,standards_compliance,not_disclosed,,
qwen,cdx,base_model,not_disclosed,,
qwen,cdx,base_model_relation,not_disclosed,,
qwen,cdx,distribution_channels,escape_hatch,components[].properties,externalReferences need a URL per channel; stated channels are prose
qwen,cdx,download_location,placed,externalReferences[distribution],
qwen,eu,provider_name,placed,legal_name_for_the_model_provider,
qwen,eu,model_name,placed,model_name,
qwen,eu,model_version,placed,model_name,
qwen,eu,model_authenticity,placed,model_authenticity,
qwen,eu,release_date,not_disclosed,,
qwen,eu,eu_release_date,not_disclosed,,
qwen,eu,license,placed,"license, license_2",
qwen,eu,acceptable_use_policy,not_disclosed,,
qwen,eu,access_conditions,no_field,,
qwen,eu,additional_assets,placed,license_3,
qwen,eu,architecture_family,placed,model_architecture,
qwen,eu,architecture_details,placed,design_specifications_of_the_model,
qwen,eu,param_count,placed,"total_model_size, total_model_size_2",
qwen,eu,input_modalities,placed,input_modalities,
qwen,eu,max_input_size,placed,input_modalities_maximum_size,
qwen,eu,output_modalities,placed,output_modalities_modalities,
qwen,eu,max_output_size,placed,output_modalities_maximum_size,
qwen,eu,task,no_field,,
qwen,eu,weights_precision,no_field,,
qwen,eu,training_datasets,not_disclosed,,
qwen,eu,data_modality,not_disclosed,,
qwen,eu,data_provenance,not_disclosed,,
qwen,eu,data_acquisition,not_disclosed,,
qwen,eu,training_data_size,not_disclosed,,
qwen,eu,data_scope,not_disclosed,,
qwen,eu,knowledge_cutoff,not_disclosed,,
qwen,eu,data_curation,not_disclosed,,
qwen,eu,unsuitable_data_measures,not_disclosed,,
qwen,eu,personal_data,not_disclosed,,
qwen,eu,data_bias_measures,not_disclosed,,
qwen,eu,training_method,placed,design_specifications_of_the_training_process,
qwen,eu,design_rationale,not_disclosed,,
qwen,eu,hyperparameters,not_disclosed,,
qwen,eu,training_hardware,not_disclosed,,
qwen,eu,training_time,not_disclosed,,
qwen,eu,training_compute,not_disclosed,,
qwen,eu,compute_methodology,not_disclosed,,
qwen,eu,training_energy,not_disclosed,,
qwen,eu,energy_methodology,not_disclosed,,
qwen,eu,carbon_emissions,not_disclosed,,
qwen,eu,inference_compute,not_disclosed,,
qwen,eu,intended_uses,placed,intended_uses,
qwen,eu,out_of_scope_uses,not_disclosed,,
qwen,eu,target_systems,placed,type_and_nature_of_ai_systems_in_which_the_general,
qwen,eu,integration_means,placed,technical_means_for_model_integration,
qwen,eu,required_hardware,not_disclosed,,
qwen,eu,required_software,placed,required_software,
qwen,eu,limitations,no_field,,
qwen,eu,languages,not_disclosed,,
qwen,eu,eval_results,no_field,,
qwen,eu,eval_datasets,no_field,,
qwen,eu,eval_methodology,no_field,,
qwen,eu,safety_evaluation,not_disclosed,,
qwen,eu,bias_fairness_evaluation,not_disclosed,,
qwen,eu,autonomy,no_field,,
qwen,eu,explainability,not_disclosed,,
qwen,eu,standards_compliance,not_disclosed,,
qwen,eu,base_model,not_disclosed,,
qwen,eu,base_model_relation,not_disclosed,,
qwen,eu,distribution_channels,placed,"distribution_channels, distribution_channels_2",
qwen,eu,download_location,placed,distribution_channels,
deepseek,spdx,provider_name,placed,suppliedBy -> Organization.name,
deepseek,spdx,model_name,placed,name,
deepseek,spdx,model_version,placed,software_packageVersion,
deepseek,spdx,model_authenticity,placed,verifiedUsing,
deepseek,spdx,release_date,not_disclosed,,
deepseek,spdx,eu_release_date,not_disclosed,,
deepseek,spdx,license,placed,hasDeclaredLicense,
deepseek,spdx,acceptable_use_policy,not_disclosed,,
deepseek,spdx,access_conditions,escape_hatch,comment,
deepseek,spdx,additional_assets,escape_hatch,Relationship(other) -> software_Package,
deepseek,spdx,architecture_family,placed,ai_typeOfModel,
deepseek,spdx,architecture_details,escape_hatch,description,
deepseek,spdx,param_count,escape_hatch,ai_hyperparameter[key=parameterCount],
deepseek,spdx,input_modalities,escape_hatch,ai_hyperparameter[key=inputModality],
deepseek,spdx,max_input_size,placed,ai_hyperparameter[contextLength],
deepseek,spdx,output_modalities,escape_hatch,ai_hyperparameter[key=outputModality],
deepseek,spdx,max_output_size,not_disclosed,,
deepseek,spdx,task,escape_hatch,ai_domain[],
deepseek,spdx,weights_precision,escape_hatch,ai_hyperparameter[key=precision],
deepseek,spdx,training_datasets,not_disclosed,,
deepseek,spdx,data_modality,placed,dataset_datasetType,
deepseek,spdx,data_provenance,placed,dataset_dataCollectionProcess,
deepseek,spdx,data_acquisition,placed,dataset_dataCollectionProcess,
deepseek,spdx,training_data_size,escape_hatch,dataset_DatasetPackage.dataset_datasetSize,
deepseek,spdx,data_scope,escape_hatch,dataset_DatasetPackage.description,
deepseek,spdx,knowledge_cutoff,not_disclosed,,
deepseek,spdx,data_curation,placed,dataset_dataPreprocessing,
deepseek,spdx,unsuitable_data_measures,not_disclosed,,
deepseek,spdx,personal_data,not_disclosed,,
deepseek,spdx,data_bias_measures,not_disclosed,,
deepseek,spdx,training_method,placed,ai_informationAboutTraining,
deepseek,spdx,design_rationale,escape_hatch,ai_AIPackage.comment,
deepseek,spdx,hyperparameters,placed,ai_hyperparameter,
deepseek,spdx,training_hardware,not_disclosed,,
deepseek,spdx,training_time,not_disclosed,,
deepseek,spdx,training_compute,not_disclosed,,
deepseek,spdx,compute_methodology,not_disclosed,,
deepseek,spdx,training_energy,not_disclosed,,
deepseek,spdx,energy_methodology,not_disclosed,,
deepseek,spdx,carbon_emissions,not_disclosed,,
deepseek,spdx,inference_compute,not_disclosed,,
deepseek,spdx,intended_uses,not_disclosed,,
deepseek,spdx,out_of_scope_uses,not_disclosed,,
deepseek,spdx,target_systems,placed,ai_informationAboutApplication,
deepseek,spdx,integration_means,escape_hatch,externalRef[externalRefType=documentation],
deepseek,spdx,required_hardware,not_disclosed,,
deepseek,spdx,required_software,placed,Relationship(dependsOn),
deepseek,spdx,limitations,not_disclosed,,
deepseek,spdx,languages,not_disclosed,,
deepseek,spdx,eval_results,placed,ai_metric,
deepseek,spdx,eval_datasets,placed,Relationship(testedOn),
deepseek,spdx,eval_methodology,escape_hatch,ai_AIPackage.comment,
deepseek,spdx,safety_evaluation,not_disclosed,,
deepseek,spdx,bias_fairness_evaluation,not_disclosed,,
deepseek,spdx,autonomy,not_disclosed,,
deepseek,spdx,explainability,not_disclosed,,
deepseek,spdx,standards_compliance,not_disclosed,,
deepseek,spdx,base_model,not_disclosed,,
deepseek,spdx,base_model_relation,not_disclosed,,
deepseek,spdx,distribution_channels,placed,externalRef,
deepseek,spdx,download_location,placed,software_downloadLocation,
deepseek,cdx,provider_name,placed,supplier.name,
deepseek,cdx,model_name,placed,name,
deepseek,cdx,model_version,placed,version,
deepseek,cdx,model_authenticity,placed,hashes,
deepseek,cdx,release_date,not_disclosed,,
deepseek,cdx,eu_release_date,not_disclosed,,
deepseek,cdx,license,placed,licenses,
deepseek,cdx,acceptable_use_policy,not_disclosed,,
deepseek,cdx,access_conditions,escape_hatch,components[].properties[name=accessConditions],
deepseek,cdx,additional_assets,unplaceable,components[].externalReferences[type=vcs|distribution|build-meta],externalReferences need URLs; the stated value is prose
deepseek,cdx,architecture_family,placed,modelParameters.architectureFamily,
deepseek,cdx,architecture_details,placed,modelParameters.modelArchitecture,
deepseek,cdx,param_count,escape_hatch,modelCard.properties[name=parameterCount],
deepseek,cdx,input_modalities,placed,modelParameters.inputs,
deepseek,cdx,max_input_size,escape_hatch,modelCard.properties[name=contextLength],
deepseek,cdx,output_modalities,placed,modelParameters.outputs,
deepseek,cdx,max_output_size,not_disclosed,,
deepseek,cdx,task,placed,modelParameters.task,
deepseek,cdx,weights_precision,escape_hatch,modelCard.properties[name=precision],
deepseek,cdx,training_datasets,not_disclosed,,
deepseek,cdx,data_modality,escape_hatch,components[type=data].data[].classification,
deepseek,cdx,data_provenance,escape_hatch,components[type=data].data[].description,
deepseek,cdx,data_acquisition,escape_hatch,components[type=data].data[].description,
deepseek,cdx,training_data_size,escape_hatch,components[type=data].properties[name=size],
deepseek,cdx,data_scope,escape_hatch,components[type=data].data[].description,
deepseek,cdx,knowledge_cutoff,not_disclosed,,
deepseek,cdx,data_curation,escape_hatch,components[type=data].data[].description,
deepseek,cdx,unsuitable_data_measures,not_disclosed,,
deepseek,cdx,personal_data,not_disclosed,,
deepseek,cdx,data_bias_measures,not_disclosed,,
deepseek,cdx,training_method,unplaceable,modelCard.modelParameters.approach.type,modelParameters.approach.type is a 5-value enum; prose needs human classification
deepseek,cdx,design_rationale,escape_hatch,modelCard.properties[name=designRationale],
deepseek,cdx,hyperparameters,escape_hatch,modelCard.properties[name=hyperparameter:*],
deepseek,cdx,training_hardware,not_disclosed,,
deepseek,cdx,training_time,not_disclosed,,
deepseek,cdx,training_compute,not_disclosed,,
deepseek,cdx,compute_methodology,not_disclosed,,
deepseek,cdx,training_energy,not_disclosed,,
deepseek,cdx,energy_methodology,not_disclosed,,
deepseek,cdx,carbon_emissions,not_disclosed,,
deepseek,cdx,inference_compute,not_disclosed,,
deepseek,cdx,intended_uses,not_disclosed,,
deepseek,cdx,out_of_scope_uses,not_disclosed,,
deepseek,cdx,target_systems,placed,considerations.useCases,
deepseek,cdx,integration_means,escape_hatch,components[].externalReferences[type=documentation],
deepseek,cdx,required_hardware,not_disclosed,,
deepseek,cdx,required_software,placed,dependencies,
deepseek,cdx,limitations,not_disclosed,,
deepseek,cdx,languages,not_disclosed,,
deepseek,cdx,eval_results,placed,quantitativeAnalysis.performanceMetrics,
deepseek,cdx,eval_datasets,placed,modelParameters.datasets,
deepseek,cdx,eval_methodology,escape_hatch,modelCard.quantitativeAnalysis.properties,
deepseek,cdx,safety_evaluation,not_disclosed,,
deepseek,cdx,bias_fairness_evaluation,not_disclosed,,
deepseek,cdx,autonomy,not_disclosed,,
deepseek,cdx,explainability,not_disclosed,,
deepseek,cdx,standards_compliance,not_disclosed,,
deepseek,cdx,base_model,not_disclosed,,
deepseek,cdx,base_model_relation,not_disclosed,,
deepseek,cdx,distribution_channels,escape_hatch,components[].properties,externalReferences need a URL per channel; stated channels are prose
deepseek,cdx,download_location,placed,externalReferences[distribution],
deepseek,eu,provider_name,placed,legal_name_for_the_model_provider,
deepseek,eu,model_name,placed,model_name,
deepseek,eu,model_version,placed,model_name,
deepseek,eu,model_authenticity,placed,model_authenticity,
deepseek,eu,release_date,not_disclosed,,
deepseek,eu,eu_release_date,not_disclosed,,
deepseek,eu,license,placed,"license, license_2",
deepseek,eu,acceptable_use_policy,not_disclosed,,
deepseek,eu,access_conditions,no_field,,
deepseek,eu,additional_assets,placed,license_3,
deepseek,eu,architecture_family,placed,model_architecture,
deepseek,eu,architecture_details,placed,design_specifications_of_the_model,
deepseek,eu,param_count,placed,"total_model_size, total_model_size_2",
deepseek,eu,input_modalities,placed,input_modalities,
deepseek,eu,max_input_size,placed,input_modalities_maximum_size,
deepseek,eu,output_modalities,placed,output_modalities_modalities,
deepseek,eu,max_output_size,not_disclosed,,
deepseek,eu,task,no_field,,
deepseek,eu,weights_precision,no_field,,
deepseek,eu,training_datasets,not_disclosed,,
deepseek,eu,data_modality,placed,data_type_modality_select_all_that_apply,
deepseek,eu,data_provenance,placed,data_provenance_select_all_that_apply,
deepseek,eu,data_acquisition,placed,how_data_was_obtained_and_selected,
deepseek,eu,training_data_size,placed,"number_of_data_points, number_of_data_points_2",
deepseek,eu,data_scope,placed,scope_and_main_characteristics,
deepseek,eu,knowledge_cutoff,not_disclosed,,
deepseek,eu,data_curation,placed,data_curation_methodologies,
deepseek,eu,unsuitable_data_measures,not_disclosed,,
deepseek,eu,personal_data,not_disclosed,,
deepseek,eu,data_bias_measures,not_disclosed,,
deepseek,eu,training_method,placed,design_specifications_of_the_training_process,
deepseek,eu,design_rationale,placed,decision_rationale,
deepseek,eu,hyperparameters,placed,design_specifications_of_the_training_process,
deepseek,eu,training_hardware,not_disclosed,,
deepseek,eu,training_time,not_disclosed,,
deepseek,eu,training_compute,not_disclosed,,
deepseek,eu,compute_methodology,not_disclosed,,
deepseek,eu,training_energy,not_disclosed,,
deepseek,eu,energy_methodology,not_disclosed,,
deepseek,eu,carbon_emissions,not_disclosed,,
deepseek,eu,inference_compute,not_disclosed,,
deepseek,eu,intended_uses,not_disclosed,,
deepseek,eu,out_of_scope_uses,not_disclosed,,
deepseek,eu,target_systems,placed,type_and_nature_of_ai_systems_in_which_the_general,
deepseek,eu,integration_means,placed,technical_means_for_model_integration,
deepseek,eu,required_hardware,not_disclosed,,
deepseek,eu,required_software,placed,required_software,
deepseek,eu,limitations,not_disclosed,,
deepseek,eu,languages,not_disclosed,,
deepseek,eu,eval_results,no_field,,
deepseek,eu,eval_datasets,no_field,,
deepseek,eu,eval_methodology,no_field,,
deepseek,eu,safety_evaluation,not_disclosed,,
deepseek,eu,bias_fairness_evaluation,not_disclosed,,
deepseek,eu,autonomy,not_disclosed,,
deepseek,eu,explainability,not_disclosed,,
deepseek,eu,standards_compliance,not_disclosed,,
deepseek,eu,base_model,not_disclosed,,
deepseek,eu,base_model_relation,not_disclosed,,
deepseek,eu,distribution_channels,placed,"distribution_channels, distribution_channels_2",
deepseek,eu,download_location,placed,distribution_channels,
phi,spdx,provider_name,placed,suppliedBy -> Organization.name,
phi,spdx,model_name,placed,name,
phi,spdx,model_version,placed,software_packageVersion,
phi,spdx,model_authenticity,placed,verifiedUsing,
phi,spdx,release_date,placed,releaseTime,
phi,spdx,eu_release_date,not_disclosed,,
phi,spdx,license,placed,hasDeclaredLicense,
phi,spdx,acceptable_use_policy,escape_hatch,externalRef[externalRefType=other],
phi,spdx,access_conditions,escape_hatch,comment,
phi,spdx,additional_assets,escape_hatch,Relationship(other) -> software_Package,
phi,spdx,architecture_family,placed,ai_typeOfModel,
phi,spdx,architecture_details,escape_hatch,description,
phi,spdx,param_count,escape_hatch,ai_hyperparameter[key=parameterCount],
phi,spdx,input_modalities,escape_hatch,ai_hyperparameter[key=inputModality],
phi,spdx,max_input_size,placed,ai_hyperparameter[contextLength],
phi,spdx,output_modalities,escape_hatch,ai_hyperparameter[key=outputModality],
phi,spdx,max_output_size,not_disclosed,,
phi,spdx,task,escape_hatch,ai_domain[],
phi,spdx,weights_precision,escape_hatch,ai_hyperparameter[key=precision],
phi,spdx,training_datasets,not_disclosed,,
phi,spdx,data_modality,placed,dataset_datasetType,
phi,spdx,data_provenance,placed,dataset_dataCollectionProcess,
phi,spdx,data_acquisition,placed,dataset_dataCollectionProcess,
phi,spdx,training_data_size,not_disclosed,,
phi,spdx,data_scope,escape_hatch,dataset_DatasetPackage.description,
phi,spdx,knowledge_cutoff,not_disclosed,,
phi,spdx,data_curation,placed,dataset_dataPreprocessing,
phi,spdx,unsuitable_data_measures,not_disclosed,,
phi,spdx,personal_data,not_disclosed,,
phi,spdx,data_bias_measures,placed,dataset_knownBias,
phi,spdx,training_method,placed,ai_informationAboutTraining,
phi,spdx,design_rationale,escape_hatch,ai_AIPackage.comment,
phi,spdx,hyperparameters,not_disclosed,,
phi,spdx,training_hardware,escape_hatch,ai_AIPackage.ai_informationAboutTraining,
phi,spdx,training_time,escape_hatch,ai_AIPackage.ai_informationAboutTraining,
phi,spdx,training_compute,not_disclosed,,
phi,spdx,compute_methodology,not_disclosed,,
phi,spdx,training_energy,not_disclosed,,
phi,spdx,energy_methodology,not_disclosed,,
phi,spdx,carbon_emissions,not_disclosed,,
phi,spdx,inference_compute,not_disclosed,,
phi,spdx,intended_uses,placed,ai_informationAboutApplication,
phi,spdx,out_of_scope_uses,placed,ai_informationAboutApplication,
phi,spdx,target_systems,placed,ai_informationAboutApplication,
phi,spdx,integration_means,escape_hatch,externalRef[externalRefType=documentation],
phi,spdx,required_hardware,not_disclosed,,
phi,spdx,required_software,placed,Relationship(dependsOn),
phi,spdx,limitations,placed,ai_limitation,
phi,spdx,languages,escape_hatch,ai_domain[] / comment,
phi,spdx,eval_results,placed,ai_metric,
phi,spdx,eval_datasets,placed,Relationship(testedOn),
phi,spdx,eval_methodology,escape_hatch,ai_AIPackage.comment,
phi,spdx,safety_evaluation,unplaceable,ai_AIPackage.ai_safetyRiskAssessment,ai_safetyRiskAssessment is an enum; prose needs human classification
phi,spdx,bias_fairness_evaluation,not_disclosed,,
phi,spdx,autonomy,not_disclosed,,
phi,spdx,explainability,not_disclosed,,
phi,spdx,standards_compliance,placed,ai_standardCompliance,
phi,spdx,base_model,placed,Relationship(descendantOf),
phi,spdx,base_model_relation,escape_hatch,Relationship(descendantOf).comment,
phi,spdx,distribution_channels,placed,externalRef,
phi,spdx,download_location,placed,software_downloadLocation,
phi,cdx,provider_name,placed,supplier.name,
phi,cdx,model_name,placed,name,
phi,cdx,model_version,placed,version,
phi,cdx,model_authenticity,placed,hashes,
phi,cdx,release_date,escape_hatch,components[].properties[name=releaseDate],
phi,cdx,eu_release_date,not_disclosed,,
phi,cdx,license,placed,licenses,
phi,cdx,acceptable_use_policy,escape_hatch,components[].externalReferences[type=other],
phi,cdx,access_conditions,escape_hatch,components[].properties[name=accessConditions],
phi,cdx,additional_assets,unplaceable,components[].externalReferences[type=vcs|distribution|build-meta],externalReferences need URLs; the stated value is prose
phi,cdx,architecture_family,placed,modelParameters.architectureFamily,
phi,cdx,architecture_details,placed,modelParameters.modelArchitecture,
phi,cdx,param_count,escape_hatch,modelCard.properties[name=parameterCount],
phi,cdx,input_modalities,placed,modelParameters.inputs,
phi,cdx,max_input_size,escape_hatch,modelCard.properties[name=contextLength],
phi,cdx,output_modalities,placed,modelParameters.outputs,
phi,cdx,max_output_size,not_disclosed,,
phi,cdx,task,placed,modelParameters.task,
phi,cdx,weights_precision,escape_hatch,modelCard.properties[name=precision],
phi,cdx,training_datasets,not_disclosed,,
phi,cdx,data_modality,escape_hatch,components[type=data].data[].classification,
phi,cdx,data_provenance,escape_hatch,components[type=data].data[].description,
phi,cdx,data_acquisition,escape_hatch,components[type=data].data[].description,
phi,cdx,training_data_size,not_disclosed,,
phi,cdx,data_scope,escape_hatch,components[type=data].data[].description,
phi,cdx,knowledge_cutoff,not_disclosed,,
phi,cdx,data_curation,escape_hatch,components[type=data].data[].description,
phi,cdx,unsuitable_data_measures,not_disclosed,,
phi,cdx,personal_data,not_disclosed,,
phi,cdx,data_bias_measures,placed,considerations.fairnessAssessments,
phi,cdx,training_method,unplaceable,modelCard.modelParameters.approach.type,modelParameters.approach.type is a 5-value enum; prose needs human classification
phi,cdx,design_rationale,escape_hatch,modelCard.properties[name=designRationale],
phi,cdx,hyperparameters,not_disclosed,,
phi,cdx,training_hardware,escape_hatch,modelCard.considerations.environmentalConsiderations.properties[],
phi,cdx,training_time,escape_hatch,modelCard.properties[name=trainingTime],
phi,cdx,training_compute,not_disclosed,,
phi,cdx,compute_methodology,not_disclosed,,
phi,cdx,training_energy,not_disclosed,,
phi,cdx,energy_methodology,not_disclosed,,
phi,cdx,carbon_emissions,not_disclosed,,
phi,cdx,inference_compute,not_disclosed,,
phi,cdx,intended_uses,placed,considerations.useCases,
phi,cdx,out_of_scope_uses,escape_hatch,modelCard.considerations.technicalLimitations[],
phi,cdx,target_systems,placed,considerations.useCases,
phi,cdx,integration_means,escape_hatch,components[].externalReferences[type=documentation],
phi,cdx,required_hardware,not_disclosed,,
phi,cdx,required_software,placed,dependencies,
phi,cdx,limitations,placed,considerations.technicalLimitations,
phi,cdx,languages,escape_hatch,modelCard.properties[name=language],
phi,cdx,eval_results,placed,quantitativeAnalysis.performanceMetrics,
phi,cdx,eval_datasets,placed,modelParameters.datasets,
phi,cdx,eval_methodology,escape_hatch,modelCard.quantitativeAnalysis.properties,
phi,cdx,safety_evaluation,placed,considerations.ethicalConsiderations,
phi,cdx,bias_fairness_evaluation,not_disclosed,,
phi,cdx,autonomy,not_disclosed,,
phi,cdx,explainability,not_disclosed,,
phi,cdx,standards_compliance,escape_hatch,modelCard.properties[name=standardCompliance],
phi,cdx,base_model,placed,pedigree.ancestors,
phi,cdx,base_model_relation,escape_hatch,components[].pedigree.notes,
phi,cdx,distribution_channels,escape_hatch,components[].properties,externalReferences need a URL per channel; stated channels are prose
phi,cdx,download_location,placed,externalReferences[distribution],
phi,eu,provider_name,placed,legal_name_for_the_model_provider,
phi,eu,model_name,placed,model_name,
phi,eu,model_version,placed,model_name,
phi,eu,model_authenticity,placed,model_authenticity,
phi,eu,release_date,placed,release_date,
phi,eu,eu_release_date,not_disclosed,,
phi,eu,license,placed,"license, license_2",
phi,eu,acceptable_use_policy,placed,acceptable_use_policy,
phi,eu,access_conditions,no_field,,
phi,eu,additional_assets,placed,license_3,
phi,eu,architecture_family,placed,model_architecture,
phi,eu,architecture_details,placed,design_specifications_of_the_model,
phi,eu,param_count,placed,"total_model_size, total_model_size_2",
phi,eu,input_modalities,placed,input_modalities,
phi,eu,max_input_size,placed,input_modalities_maximum_size,
phi,eu,output_modalities,placed,output_modalities_modalities,
phi,eu,max_output_size,not_disclosed,,
phi,eu,task,no_field,,
phi,eu,weights_precision,no_field,,
phi,eu,training_datasets,not_disclosed,,
phi,eu,data_modality,placed,data_type_modality_select_all_that_apply,
phi,eu,data_provenance,placed,data_provenance_select_all_that_apply,
phi,eu,data_acquisition,placed,how_data_was_obtained_and_selected,
phi,eu,training_data_size,not_disclosed,,
phi,eu,data_scope,placed,scope_and_main_characteristics,
phi,eu,knowledge_cutoff,not_disclosed,,
phi,eu,data_curation,placed,data_curation_methodologies,
phi,eu,unsuitable_data_measures,not_disclosed,,
phi,eu,personal_data,not_disclosed,,
phi,eu,data_bias_measures,placed,measures_to_detect_identifiable_biases,
phi,eu,training_method,placed,design_specifications_of_the_training_process,
phi,eu,design_rationale,placed,decision_rationale,
phi,eu,hyperparameters,not_disclosed,,
phi,eu,training_hardware,placed,training_time_2,
phi,eu,training_time,placed,"training_time, training_time_2",
phi,eu,training_compute,not_disclosed,,
phi,eu,compute_methodology,not_disclosed,,
phi,eu,training_energy,not_disclosed,,
phi,eu,energy_methodology,not_disclosed,,
phi,eu,carbon_emissions,not_disclosed,,
phi,eu,inference_compute,not_disclosed,,
phi,eu,intended_uses,placed,intended_uses,
phi,eu,out_of_scope_uses,placed,type_and_nature_of_ai_systems_in_which_the_general,
phi,eu,target_systems,placed,type_and_nature_of_ai_systems_in_which_the_general,
phi,eu,integration_means,placed,technical_means_for_model_integration,
phi,eu,required_hardware,not_disclosed,,
phi,eu,required_software,placed,required_software,
phi,eu,limitations,no_field,,
phi,eu,languages,no_field,,
phi,eu,eval_results,no_field,,
phi,eu,eval_datasets,no_field,,
phi,eu,eval_methodology,no_field,,
phi,eu,safety_evaluation,no_field,,
phi,eu,bias_fairness_evaluation,not_disclosed,,
phi,eu,autonomy,not_disclosed,,
phi,eu,explainability,not_disclosed,,
phi,eu,standards_compliance,no_field,,
phi,eu,base_model,placed,model_dependencies,
phi,eu,base_model_relation,placed,model_dependencies,
phi,eu,distribution_channels,placed,"distribution_channels, distribution_channels_2",
phi,eu,download_location,placed,distribution_channels,
smollm,spdx,provider_name,not_disclosed,,
smollm,spdx,model_name,placed,name,
smollm,spdx,model_version,placed,software_packageVersion,
smollm,spdx,model_authenticity,placed,verifiedUsing,
smollm,spdx,release_date,not_disclosed,,
smollm,spdx,eu_release_date,not_disclosed,,
smollm,spdx,license,placed,hasDeclaredLicense,
smollm,spdx,acceptable_use_policy,not_disclosed,,
smollm,spdx,access_conditions,escape_hatch,comment,
smollm,spdx,additional_assets,escape_hatch,Relationship(other) -> software_Package,
smollm,spdx,architecture_family,placed,ai_typeOfModel,
smollm,spdx,architecture_details,escape_hatch,description,
smollm,spdx,param_count,escape_hatch,ai_hyperparameter[key=parameterCount],
smollm,spdx,input_modalities,escape_hatch,ai_hyperparameter[key=inputModality],
smollm,spdx,max_input_size,placed,ai_hyperparameter[contextLength],
smollm,spdx,output_modalities,escape_hatch,ai_hyperparameter[key=outputModality],
smollm,spdx,max_output_size,not_disclosed,,
smollm,spdx,task,escape_hatch,ai_domain[],
smollm,spdx,weights_precision,escape_hatch,ai_hyperparameter[key=precision],
smollm,spdx,training_datasets,not_disclosed,,
smollm,spdx,data_modality,not_disclosed,,
smollm,spdx,data_provenance,placed,dataset_dataCollectionProcess,
smollm,spdx,data_acquisition,placed,dataset_dataCollectionProcess,
smollm,spdx,training_data_size,escape_hatch,dataset_DatasetPackage.dataset_datasetSize,
smollm,spdx,data_scope,escape_hatch,dataset_DatasetPackage.description,
smollm,spdx,knowledge_cutoff,not_disclosed,,
smollm,spdx,data_curation,not_disclosed,,
smollm,spdx,unsuitable_data_measures,not_disclosed,,
smollm,spdx,personal_data,not_disclosed,,
smollm,spdx,data_bias_measures,not_disclosed,,
smollm,spdx,training_method,placed,ai_informationAboutTraining,
smollm,spdx,design_rationale,not_disclosed,,
smollm,spdx,hyperparameters,not_disclosed,,
smollm,spdx,training_hardware,escape_hatch,ai_AIPackage.ai_informationAboutTraining,
smollm,spdx,training_time,not_disclosed,,
smollm,spdx,training_compute,not_disclosed,,
smollm,spdx,compute_methodology,not_disclosed,,
smollm,spdx,training_energy,not_disclosed,,
smollm,spdx,energy_methodology,not_disclosed,,
smollm,spdx,carbon_emissions,not_disclosed,,
smollm,spdx,inference_compute,not_disclosed,,
smollm,spdx,intended_uses,placed,ai_informationAboutApplication,
smollm,spdx,out_of_scope_uses,placed,ai_informationAboutApplication,
smollm,spdx,target_systems,placed,ai_informationAboutApplication,
smollm,spdx,integration_means,escape_hatch,externalRef[externalRefType=documentation],
smollm,spdx,required_hardware,not_disclosed,,
smollm,spdx,required_software,placed,Relationship(dependsOn),
smollm,spdx,limitations,placed,ai_limitation,
smollm,spdx,languages,escape_hatch,ai_domain[] / comment,
smollm,spdx,eval_results,placed,ai_metric,
smollm,spdx,eval_datasets,placed,Relationship(testedOn),
smollm,spdx,eval_methodology,escape_hatch,ai_AIPackage.comment,
smollm,spdx,safety_evaluation,not_disclosed,,
smollm,spdx,bias_fairness_evaluation,not_disclosed,,
smollm,spdx,autonomy,unplaceable,ai_AIPackage.ai_autonomyType,ai_autonomyType is an enum; prose needs human classification
smollm,spdx,explainability,not_disclosed,,
smollm,spdx,standards_compliance,placed,ai_standardCompliance,
smollm,spdx,base_model,placed,Relationship(descendantOf),
smollm,spdx,base_model_relation,escape_hatch,Relationship(descendantOf).comment,
smollm,spdx,distribution_channels,placed,externalRef,
smollm,spdx,download_location,placed,software_downloadLocation,
smollm,cdx,provider_name,not_disclosed,,
smollm,cdx,model_name,placed,name,
smollm,cdx,model_version,placed,version,
smollm,cdx,model_authenticity,placed,hashes,
smollm,cdx,release_date,not_disclosed,,
smollm,cdx,eu_release_date,not_disclosed,,
smollm,cdx,license,placed,licenses,
smollm,cdx,acceptable_use_policy,not_disclosed,,
smollm,cdx,access_conditions,escape_hatch,components[].properties[name=accessConditions],
smollm,cdx,additional_assets,unplaceable,components[].externalReferences[type=vcs|distribution|build-meta],externalReferences need URLs; the stated value is prose
smollm,cdx,architecture_family,placed,modelParameters.architectureFamily,
smollm,cdx,architecture_details,placed,modelParameters.modelArchitecture,
smollm,cdx,param_count,escape_hatch,modelCard.properties[name=parameterCount],
smollm,cdx,input_modalities,placed,modelParameters.inputs,
smollm,cdx,max_input_size,escape_hatch,modelCard.properties[name=contextLength],
smollm,cdx,output_modalities,placed,modelParameters.outputs,
smollm,cdx,max_output_size,not_disclosed,,
smollm,cdx,task,placed,modelParameters.task,
smollm,cdx,weights_precision,escape_hatch,modelCard.properties[name=precision],
smollm,cdx,training_datasets,not_disclosed,,
smollm,cdx,data_modality,not_disclosed,,
smollm,cdx,data_provenance,escape_hatch,components[type=data].data[].description,
smollm,cdx,data_acquisition,escape_hatch,components[type=data].data[].description,
smollm,cdx,training_data_size,escape_hatch,components[type=data].properties[name=size],
smollm,cdx,data_scope,escape_hatch,components[type=data].data[].description,
smollm,cdx,knowledge_cutoff,not_disclosed,,
smollm,cdx,data_curation,not_disclosed,,
smollm,cdx,unsuitable_data_measures,not_disclosed,,
smollm,cdx,personal_data,not_disclosed,,
smollm,cdx,data_bias_measures,not_disclosed,,
smollm,cdx,training_method,unplaceable,modelCard.modelParameters.approach.type,modelParameters.approach.type is a 5-value enum; prose needs human classification
smollm,cdx,design_rationale,not_disclosed,,
smollm,cdx,hyperparameters,not_disclosed,,
smollm,cdx,training_hardware,escape_hatch,modelCard.considerations.environmentalConsiderations.properties[],
smollm,cdx,training_time,not_disclosed,,
smollm,cdx,training_compute,not_disclosed,,
smollm,cdx,compute_methodology,not_disclosed,,
smollm,cdx,training_energy,not_disclosed,,
smollm,cdx,energy_methodology,not_disclosed,,
smollm,cdx,carbon_emissions,not_disclosed,,
smollm,cdx,inference_compute,not_disclosed,,
smollm,cdx,intended_uses,placed,considerations.useCases,
smollm,cdx,out_of_scope_uses,escape_hatch,modelCard.considerations.technicalLimitations[],
smollm,cdx,target_systems,placed,considerations.useCases,
smollm,cdx,integration_means,escape_hatch,components[].externalReferences[type=documentation],
smollm,cdx,required_hardware,not_disclosed,,
smollm,cdx,required_software,placed,dependencies,
smollm,cdx,limitations,placed,considerations.technicalLimitations,
smollm,cdx,languages,escape_hatch,modelCard.properties[name=language],
smollm,cdx,eval_results,placed,quantitativeAnalysis.performanceMetrics,
smollm,cdx,eval_datasets,placed,modelParameters.datasets,
smollm,cdx,eval_methodology,escape_hatch,modelCard.quantitativeAnalysis.properties,
smollm,cdx,safety_evaluation,not_disclosed,,
smollm,cdx,bias_fairness_evaluation,not_disclosed,,
smollm,cdx,autonomy,escape_hatch,modelCard.properties[name=autonomyType],
smollm,cdx,explainability,not_disclosed,,
smollm,cdx,standards_compliance,escape_hatch,modelCard.properties[name=standardCompliance],
smollm,cdx,base_model,placed,pedigree.ancestors,
smollm,cdx,base_model_relation,escape_hatch,components[].pedigree.notes,
smollm,cdx,distribution_channels,escape_hatch,components[].properties,externalReferences need a URL per channel; stated channels are prose
smollm,cdx,download_location,placed,externalReferences[distribution],
smollm,eu,provider_name,not_disclosed,,
smollm,eu,model_name,placed,model_name,
smollm,eu,model_version,placed,model_name,
smollm,eu,model_authenticity,placed,model_authenticity,
smollm,eu,release_date,not_disclosed,,
smollm,eu,eu_release_date,not_disclosed,,
smollm,eu,license,placed,"license, license_2",
smollm,eu,acceptable_use_policy,not_disclosed,,
smollm,eu,access_conditions,no_field,,
smollm,eu,additional_assets,placed,license_3,
smollm,eu,architecture_family,placed,model_architecture,
smollm,eu,architecture_details,placed,design_specifications_of_the_model,
smollm,eu,param_count,placed,"total_model_size, total_model_size_2",
smollm,eu,input_modalities,placed,input_modalities,
smollm,eu,max_input_size,placed,input_modalities_maximum_size,
smollm,eu,output_modalities,placed,output_modalities_modalities,
smollm,eu,max_output_size,not_disclosed,,
smollm,eu,task,no_field,,
smollm,eu,weights_precision,no_field,,
smollm,eu,training_datasets,not_disclosed,,
smollm,eu,data_modality,not_disclosed,,
smollm,eu,data_provenance,placed,data_provenance_select_all_that_apply,
smollm,eu,data_acquisition,placed,how_data_was_obtained_and_selected,
smollm,eu,training_data_size,placed,"number_of_data_points, number_of_data_points_2",
smollm,eu,data_scope,placed,scope_and_main_characteristics,
smollm,eu,knowledge_cutoff,not_disclosed,,
smollm,eu,data_curation,not_disclosed,,
smollm,eu,unsuitable_data_measures,not_disclosed,,
smollm,eu,personal_data,not_disclosed,,
smollm,eu,data_bias_measures,not_disclosed,,
smollm,eu,training_method,placed,design_specifications_of_the_training_process,
smollm,eu,design_rationale,not_disclosed,,
smollm,eu,hyperparameters,not_disclosed,,
smollm,eu,training_hardware,placed,training_time_2,
smollm,eu,training_time,not_disclosed,,
smollm,eu,training_compute,not_disclosed,,
smollm,eu,compute_methodology,not_disclosed,,
smollm,eu,training_energy,not_disclosed,,
smollm,eu,energy_methodology,not_disclosed,,
smollm,eu,carbon_emissions,not_disclosed,,
smollm,eu,inference_compute,not_disclosed,,
smollm,eu,intended_uses,placed,intended_uses,
smollm,eu,out_of_scope_uses,placed,type_and_nature_of_ai_systems_in_which_the_general,
smollm,eu,target_systems,placed,type_and_nature_of_ai_systems_in_which_the_general,
smollm,eu,integration_means,placed,technical_means_for_model_integration,
smollm,eu,required_hardware,not_disclosed,,
smollm,eu,required_software,placed,required_software,
smollm,eu,limitations,no_field,,
smollm,eu,languages,no_field,,
smollm,eu,eval_results,no_field,,
smollm,eu,eval_datasets,no_field,,
smollm,eu,eval_methodology,no_field,,
smollm,eu,safety_evaluation,not_disclosed,,
smollm,eu,bias_fairness_evaluation,not_disclosed,,
smollm,eu,autonomy,no_field,,
smollm,eu,explainability,not_disclosed,,
smollm,eu,standards_compliance,no_field,,
smollm,eu,base_model,placed,model_dependencies,
smollm,eu,base_model_relation,placed,model_dependencies,
smollm,eu,distribution_channels,placed,"distribution_channels, distribution_channels_2",
smollm,eu,download_location,placed,distribution_channels,
falcon,spdx,provider_name,placed,suppliedBy -> Organization.name,
falcon,spdx,model_name,placed,name,
falcon,spdx,model_version,placed,software_packageVersion,
falcon,spdx,model_authenticity,placed,verifiedUsing,
falcon,spdx,release_date,not_disclosed,,
falcon,spdx,eu_release_date,not_disclosed,,
falcon,spdx,license,placed,hasDeclaredLicense,
falcon,spdx,acceptable_use_policy,not_disclosed,,
falcon,spdx,access_conditions,escape_hatch,comment,
falcon,spdx,additional_assets,escape_hatch,Relationship(other) -> software_Package,
falcon,spdx,architecture_family,placed,ai_typeOfModel,
falcon,spdx,architecture_details,escape_hatch,description,
falcon,spdx,param_count,escape_hatch,ai_hyperparameter[key=parameterCount],
falcon,spdx,input_modalities,escape_hatch,ai_hyperparameter[key=inputModality],
falcon,spdx,max_input_size,placed,ai_hyperparameter[contextLength],
falcon,spdx,output_modalities,escape_hatch,ai_hyperparameter[key=outputModality],
falcon,spdx,max_output_size,escape_hatch,ai_hyperparameter[key=maxOutputTokens],
falcon,spdx,task,escape_hatch,ai_domain[],
falcon,spdx,weights_precision,escape_hatch,ai_hyperparameter[key=precision],
falcon,spdx,training_datasets,not_disclosed,,
falcon,spdx,data_modality,not_disclosed,,
falcon,spdx,data_provenance,not_disclosed,,
falcon,spdx,data_acquisition,not_disclosed,,
falcon,spdx,training_data_size,not_disclosed,,
falcon,spdx,data_scope,not_disclosed,,
falcon,spdx,knowledge_cutoff,not_disclosed,,
falcon,spdx,data_curation,not_disclosed,,
falcon,spdx,unsuitable_data_measures,not_disclosed,,
falcon,spdx,personal_data,not_disclosed,,
falcon,spdx,data_bias_measures,not_disclosed,,
falcon,spdx,training_method,placed,ai_informationAboutTraining,
falcon,spdx,design_rationale,not_disclosed,,
falcon,spdx,hyperparameters,not_disclosed,,
falcon,spdx,training_hardware,not_disclosed,,
falcon,spdx,training_time,not_disclosed,,
falcon,spdx,training_compute,not_disclosed,,
falcon,spdx,compute_methodology,not_disclosed,,
falcon,spdx,training_energy,not_disclosed,,
falcon,spdx,energy_methodology,not_disclosed,,
falcon,spdx,carbon_emissions,not_disclosed,,
falcon,spdx,inference_compute,not_disclosed,,
falcon,spdx,intended_uses,not_disclosed,,
falcon,spdx,out_of_scope_uses,not_disclosed,,
falcon,spdx,target_systems,not_disclosed,,
falcon,spdx,integration_means,escape_hatch,externalRef[externalRefType=documentation],
falcon,spdx,required_hardware,not_disclosed,,
falcon,spdx,required_software,placed,Relationship(dependsOn),
falcon,spdx,limitations,placed,ai_limitation,
falcon,spdx,languages,escape_hatch,ai_domain[] / comment,
falcon,spdx,eval_results,placed,ai_metric,
falcon,spdx,eval_datasets,placed,Relationship(testedOn),
falcon,spdx,eval_methodology,escape_hatch,ai_AIPackage.comment,
falcon,spdx,safety_evaluation,not_disclosed,,
falcon,spdx,bias_fairness_evaluation,not_disclosed,,
falcon,spdx,autonomy,not_disclosed,,
falcon,spdx,explainability,not_disclosed,,
falcon,spdx,standards_compliance,not_disclosed,,
falcon,spdx,base_model,placed,Relationship(descendantOf),
falcon,spdx,base_model_relation,escape_hatch,Relationship(descendantOf).comment,
falcon,spdx,distribution_channels,not_disclosed,,
falcon,spdx,download_location,placed,software_downloadLocation,
falcon,cdx,provider_name,placed,supplier.name,
falcon,cdx,model_name,placed,name,
falcon,cdx,model_version,placed,version,
falcon,cdx,model_authenticity,placed,hashes,
falcon,cdx,release_date,not_disclosed,,
falcon,cdx,eu_release_date,not_disclosed,,
falcon,cdx,license,placed,licenses,
falcon,cdx,acceptable_use_policy,not_disclosed,,
falcon,cdx,access_conditions,escape_hatch,components[].properties[name=accessConditions],
falcon,cdx,additional_assets,unplaceable,components[].externalReferences[type=vcs|distribution|build-meta],externalReferences need URLs; the stated value is prose
falcon,cdx,architecture_family,placed,modelParameters.architectureFamily,
falcon,cdx,architecture_details,placed,modelParameters.modelArchitecture,
falcon,cdx,param_count,escape_hatch,modelCard.properties[name=parameterCount],
falcon,cdx,input_modalities,placed,modelParameters.inputs,
falcon,cdx,max_input_size,escape_hatch,modelCard.properties[name=contextLength],
falcon,cdx,output_modalities,placed,modelParameters.outputs,
falcon,cdx,max_output_size,escape_hatch,modelCard.properties[name=maxOutputSize],
falcon,cdx,task,placed,modelParameters.task,
falcon,cdx,weights_precision,escape_hatch,modelCard.properties[name=precision],
falcon,cdx,training_datasets,not_disclosed,,
falcon,cdx,data_modality,not_disclosed,,
falcon,cdx,data_provenance,not_disclosed,,
falcon,cdx,data_acquisition,not_disclosed,,
falcon,cdx,training_data_size,not_disclosed,,
falcon,cdx,data_scope,not_disclosed,,
falcon,cdx,knowledge_cutoff,not_disclosed,,
falcon,cdx,data_curation,not_disclosed,,
falcon,cdx,unsuitable_data_measures,not_disclosed,,
falcon,cdx,personal_data,not_disclosed,,
falcon,cdx,data_bias_measures,not_disclosed,,
falcon,cdx,training_method,unplaceable,modelCard.modelParameters.approach.type,modelParameters.approach.type is a 5-value enum; prose needs human classification
falcon,cdx,design_rationale,not_disclosed,,
falcon,cdx,hyperparameters,not_disclosed,,
falcon,cdx,training_hardware,not_disclosed,,
falcon,cdx,training_time,not_disclosed,,
falcon,cdx,training_compute,not_disclosed,,
falcon,cdx,compute_methodology,not_disclosed,,
falcon,cdx,training_energy,not_disclosed,,
falcon,cdx,energy_methodology,not_disclosed,,
falcon,cdx,carbon_emissions,not_disclosed,,
falcon,cdx,inference_compute,not_disclosed,,
falcon,cdx,intended_uses,not_disclosed,,
falcon,cdx,out_of_scope_uses,not_disclosed,,
falcon,cdx,target_systems,not_disclosed,,
falcon,cdx,integration_means,escape_hatch,components[].externalReferences[type=documentation],
falcon,cdx,required_hardware,not_disclosed,,
falcon,cdx,required_software,placed,dependencies,
falcon,cdx,limitations,placed,considerations.technicalLimitations,
falcon,cdx,languages,escape_hatch,modelCard.properties[name=language],
falcon,cdx,eval_results,placed,quantitativeAnalysis.performanceMetrics,
falcon,cdx,eval_datasets,placed,modelParameters.datasets,
falcon,cdx,eval_methodology,escape_hatch,modelCard.quantitativeAnalysis.properties,
falcon,cdx,safety_evaluation,not_disclosed,,
falcon,cdx,bias_fairness_evaluation,not_disclosed,,
falcon,cdx,autonomy,not_disclosed,,
falcon,cdx,explainability,not_disclosed,,
falcon,cdx,standards_compliance,not_disclosed,,
falcon,cdx,base_model,placed,pedigree.ancestors,
falcon,cdx,base_model_relation,escape_hatch,components[].pedigree.notes,
falcon,cdx,distribution_channels,not_disclosed,,
falcon,cdx,download_location,placed,externalReferences[distribution],
falcon,eu,provider_name,placed,legal_name_for_the_model_provider,
falcon,eu,model_name,placed,model_name,
falcon,eu,model_version,placed,model_name,
falcon,eu,model_authenticity,placed,model_authenticity,
falcon,eu,release_date,not_disclosed,,
falcon,eu,eu_release_date,not_disclosed,,
falcon,eu,license,placed,"license, license_2",
falcon,eu,acceptable_use_policy,not_disclosed,,
falcon,eu,access_conditions,no_field,,
falcon,eu,additional_assets,placed,license_3,
falcon,eu,architecture_family,placed,model_architecture,
falcon,eu,architecture_details,placed,design_specifications_of_the_model,
falcon,eu,param_count,placed,"total_model_size, total_model_size_2",
falcon,eu,input_modalities,placed,input_modalities,
falcon,eu,max_input_size,placed,input_modalities_maximum_size,
falcon,eu,output_modalities,placed,output_modalities_modalities,
falcon,eu,max_output_size,placed,output_modalities_maximum_size,
falcon,eu,task,no_field,,
falcon,eu,weights_precision,no_field,,
falcon,eu,training_datasets,not_disclosed,,
falcon,eu,data_modality,not_disclosed,,
falcon,eu,data_provenance,not_disclosed,,
falcon,eu,data_acquisition,not_disclosed,,
falcon,eu,training_data_size,not_disclosed,,
falcon,eu,data_scope,not_disclosed,,
falcon,eu,knowledge_cutoff,not_disclosed,,
falcon,eu,data_curation,not_disclosed,,
falcon,eu,unsuitable_data_measures,not_disclosed,,
falcon,eu,personal_data,not_disclosed,,
falcon,eu,data_bias_measures,not_disclosed,,
falcon,eu,training_method,placed,design_specifications_of_the_training_process,
falcon,eu,design_rationale,not_disclosed,,
falcon,eu,hyperparameters,not_disclosed,,
falcon,eu,training_hardware,not_disclosed,,
falcon,eu,training_time,not_disclosed,,
falcon,eu,training_compute,not_disclosed,,
falcon,eu,compute_methodology,not_disclosed,,
falcon,eu,training_energy,not_disclosed,,
falcon,eu,energy_methodology,not_disclosed,,
falcon,eu,carbon_emissions,not_disclosed,,
falcon,eu,inference_compute,not_disclosed,,
falcon,eu,intended_uses,not_disclosed,,
falcon,eu,out_of_scope_uses,not_disclosed,,
falcon,eu,target_systems,not_disclosed,,
falcon,eu,integration_means,placed,technical_means_for_model_integration,
falcon,eu,required_hardware,not_disclosed,,
falcon,eu,required_software,placed,required_software,
falcon,eu,limitations,no_field,,
falcon,eu,languages,no_field,,
falcon,eu,eval_results,no_field,,
falcon,eu,eval_datasets,no_field,,
falcon,eu,eval_methodology,no_field,,
falcon,eu,safety_evaluation,not_disclosed,,
falcon,eu,bias_fairness_evaluation,not_disclosed,,
falcon,eu,autonomy,not_disclosed,,
falcon,eu,explainability,not_disclosed,,
falcon,eu,standards_compliance,not_disclosed,,
falcon,eu,base_model,placed,model_dependencies,
falcon,eu,base_model_relation,placed,model_dependencies,
falcon,eu,distribution_channels,not_disclosed,,
falcon,eu,download_location,placed,distribution_channels,
granite,spdx,provider_name,placed,suppliedBy -> Organization.name,
granite,spdx,model_name,placed,name,
granite,spdx,model_version,placed,software_packageVersion,
granite,spdx,model_authenticity,placed,verifiedUsing,
granite,spdx,release_date,placed,releaseTime,
granite,spdx,eu_release_date,not_disclosed,,
granite,spdx,license,placed,hasDeclaredLicense,
granite,spdx,acceptable_use_policy,not_disclosed,,
granite,spdx,access_conditions,escape_hatch,comment,
granite,spdx,additional_assets,escape_hatch,Relationship(other) -> software_Package,
granite,spdx,architecture_family,placed,ai_typeOfModel,
granite,spdx,architecture_details,escape_hatch,description,
granite,spdx,param_count,escape_hatch,ai_hyperparameter[key=parameterCount],
granite,spdx,input_modalities,escape_hatch,ai_hyperparameter[key=inputModality],
granite,spdx,max_input_size,placed,ai_hyperparameter[contextLength],
granite,spdx,output_modalities,escape_hatch,ai_hyperparameter[key=outputModality],
granite,spdx,max_output_size,escape_hatch,ai_hyperparameter[key=maxOutputTokens],
granite,spdx,task,escape_hatch,ai_domain[],
granite,spdx,weights_precision,escape_hatch,ai_hyperparameter[key=precision],
granite,spdx,training_datasets,not_disclosed,,
granite,spdx,data_modality,not_disclosed,,
granite,spdx,data_provenance,placed,dataset_dataCollectionProcess,
granite,spdx,data_acquisition,placed,dataset_dataCollectionProcess,
granite,spdx,training_data_size,not_disclosed,,
granite,spdx,data_scope,escape_hatch,dataset_DatasetPackage.description,
granite,spdx,knowledge_cutoff,not_disclosed,,
granite,spdx,data_curation,not_disclosed,,
granite,spdx,unsuitable_data_measures,not_disclosed,,
granite,spdx,personal_data,not_disclosed,,
granite,spdx,data_bias_measures,not_disclosed,,
granite,spdx,training_method,placed,ai_informationAboutTraining,
granite,spdx,design_rationale,escape_hatch,ai_AIPackage.comment,
granite,spdx,hyperparameters,not_disclosed,,
granite,spdx,training_hardware,escape_hatch,ai_AIPackage.ai_informationAboutTraining,
granite,spdx,training_time,not_disclosed,,
granite,spdx,training_compute,not_disclosed,,
granite,spdx,compute_methodology,not_disclosed,,
granite,spdx,training_energy,not_disclosed,,
granite,spdx,energy_methodology,not_disclosed,,
granite,spdx,carbon_emissions,not_disclosed,,
granite,spdx,inference_compute,not_disclosed,,
granite,spdx,intended_uses,placed,ai_informationAboutApplication,
granite,spdx,out_of_scope_uses,not_disclosed,,
granite,spdx,target_systems,placed,ai_informationAboutApplication,
granite,spdx,integration_means,escape_hatch,externalRef[externalRefType=documentation],
granite,spdx,required_hardware,not_disclosed,,
granite,spdx,required_software,placed,Relationship(dependsOn),
granite,spdx,limitations,placed,ai_limitation,
granite,spdx,languages,escape_hatch,ai_domain[] / comment,
granite,spdx,eval_results,placed,ai_metric,
granite,spdx,eval_datasets,placed,Relationship(testedOn),
granite,spdx,eval_methodology,escape_hatch,ai_AIPackage.comment,
granite,spdx,safety_evaluation,not_disclosed,,
granite,spdx,bias_fairness_evaluation,not_disclosed,,
granite,spdx,autonomy,not_disclosed,,
granite,spdx,explainability,not_disclosed,,
granite,spdx,standards_compliance,not_disclosed,,
granite,spdx,base_model,placed,Relationship(descendantOf),
granite,spdx,base_model_relation,escape_hatch,Relationship(descendantOf).comment,
granite,spdx,distribution_channels,placed,externalRef,
granite,spdx,download_location,placed,software_downloadLocation,
granite,cdx,provider_name,placed,supplier.name,
granite,cdx,model_name,placed,name,
granite,cdx,model_version,placed,version,
granite,cdx,model_authenticity,placed,hashes,
granite,cdx,release_date,escape_hatch,components[].properties[name=releaseDate],
granite,cdx,eu_release_date,not_disclosed,,
granite,cdx,license,placed,licenses,
granite,cdx,acceptable_use_policy,not_disclosed,,
granite,cdx,access_conditions,escape_hatch,components[].properties[name=accessConditions],
granite,cdx,additional_assets,unplaceable,components[].externalReferences[type=vcs|distribution|build-meta],externalReferences need URLs; the stated value is prose
granite,cdx,architecture_family,placed,modelParameters.architectureFamily,
granite,cdx,architecture_details,placed,modelParameters.modelArchitecture,
granite,cdx,param_count,escape_hatch,modelCard.properties[name=parameterCount],
granite,cdx,input_modalities,placed,modelParameters.inputs,
granite,cdx,max_input_size,escape_hatch,modelCard.properties[name=contextLength],
granite,cdx,output_modalities,placed,modelParameters.outputs,
granite,cdx,max_output_size,escape_hatch,modelCard.properties[name=maxOutputSize],
granite,cdx,task,placed,modelParameters.task,
granite,cdx,weights_precision,escape_hatch,modelCard.properties[name=precision],
granite,cdx,training_datasets,not_disclosed,,
granite,cdx,data_modality,not_disclosed,,
granite,cdx,data_provenance,escape_hatch,components[type=data].data[].description,
granite,cdx,data_acquisition,escape_hatch,components[type=data].data[].description,
granite,cdx,training_data_size,not_disclosed,,
granite,cdx,data_scope,escape_hatch,components[type=data].data[].description,
granite,cdx,knowledge_cutoff,not_disclosed,,
granite,cdx,data_curation,not_disclosed,,
granite,cdx,unsuitable_data_measures,not_disclosed,,
granite,cdx,personal_data,not_disclosed,,
granite,cdx,data_bias_measures,not_disclosed,,
granite,cdx,training_method,unplaceable,modelCard.modelParameters.approach.type,modelParameters.approach.type is a 5-value enum; prose needs human classification
granite,cdx,design_rationale,escape_hatch,modelCard.properties[name=designRationale],
granite,cdx,hyperparameters,not_disclosed,,
granite,cdx,training_hardware,escape_hatch,modelCard.considerations.environmentalConsiderations.properties[],
granite,cdx,training_time,not_disclosed,,
granite,cdx,training_compute,not_disclosed,,
granite,cdx,compute_methodology,not_disclosed,,
granite,cdx,training_energy,not_disclosed,,
granite,cdx,energy_methodology,not_disclosed,,
granite,cdx,carbon_emissions,not_disclosed,,
granite,cdx,inference_compute,not_disclosed,,
granite,cdx,intended_uses,placed,considerations.useCases,
granite,cdx,out_of_scope_uses,not_disclosed,,
granite,cdx,target_systems,placed,considerations.useCases,
granite,cdx,integration_means,escape_hatch,components[].externalReferences[type=documentation],
granite,cdx,required_hardware,not_disclosed,,
granite,cdx,required_software,placed,dependencies,
granite,cdx,limitations,placed,considerations.technicalLimitations,
granite,cdx,languages,escape_hatch,modelCard.properties[name=language],
granite,cdx,eval_results,placed,quantitativeAnalysis.performanceMetrics,
granite,cdx,eval_datasets,placed,modelParameters.datasets,
granite,cdx,eval_methodology,escape_hatch,modelCard.quantitativeAnalysis.properties,
granite,cdx,safety_evaluation,not_disclosed,,
granite,cdx,bias_fairness_evaluation,not_disclosed,,
granite,cdx,autonomy,not_disclosed,,
granite,cdx,explainability,not_disclosed,,
granite,cdx,standards_compliance,not_disclosed,,
granite,cdx,base_model,placed,pedigree.ancestors,
granite,cdx,base_model_relation,escape_hatch,components[].pedigree.notes,
granite,cdx,distribution_channels,escape_hatch,components[].properties,externalReferences need a URL per channel; stated channels are prose
granite,cdx,download_location,placed,externalReferences[distribution],
granite,eu,provider_name,placed,legal_name_for_the_model_provider,
granite,eu,model_name,placed,model_name,
granite,eu,model_version,placed,model_name,
granite,eu,model_authenticity,placed,model_authenticity,
granite,eu,release_date,placed,release_date,
granite,eu,eu_release_date,not_disclosed,,
granite,eu,license,placed,"license, license_2",
granite,eu,acceptable_use_policy,not_disclosed,,
granite,eu,access_conditions,no_field,,
granite,eu,additional_assets,placed,license_3,
granite,eu,architecture_family,placed,model_architecture,
granite,eu,architecture_details,placed,design_specifications_of_the_model,
granite,eu,param_count,placed,"total_model_size, total_model_size_2",
granite,eu,input_modalities,placed,input_modalities,
granite,eu,max_input_size,placed,input_modalities_maximum_size,
granite,eu,output_modalities,placed,output_modalities_modalities,
granite,eu,max_output_size,placed,output_modalities_maximum_size,
granite,eu,task,no_field,,
granite,eu,weights_precision,no_field,,
granite,eu,training_datasets,not_disclosed,,
granite,eu,data_modality,not_disclosed,,
granite,eu,data_provenance,placed,data_provenance_select_all_that_apply,
granite,eu,data_acquisition,placed,how_data_was_obtained_and_selected,
granite,eu,training_data_size,not_disclosed,,
granite,eu,data_scope,placed,scope_and_main_characteristics,
granite,eu,knowledge_cutoff,not_disclosed,,
granite,eu,data_curation,not_disclosed,,
granite,eu,unsuitable_data_measures,not_disclosed,,
granite,eu,personal_data,not_disclosed,,
granite,eu,data_bias_measures,not_disclosed,,
granite,eu,training_method,placed,design_specifications_of_the_training_process,
granite,eu,design_rationale,placed,decision_rationale,
granite,eu,hyperparameters,not_disclosed,,
granite,eu,training_hardware,placed,training_time_2,
granite,eu,training_time,not_disclosed,,
granite,eu,training_compute,not_disclosed,,
granite,eu,compute_methodology,not_disclosed,,
granite,eu,training_energy,not_disclosed,,
granite,eu,energy_methodology,not_disclosed,,
granite,eu,carbon_emissions,not_disclosed,,
granite,eu,inference_compute,not_disclosed,,
granite,eu,intended_uses,placed,intended_uses,
granite,eu,out_of_scope_uses,not_disclosed,,
granite,eu,target_systems,placed,type_and_nature_of_ai_systems_in_which_the_general,
granite,eu,integration_means,placed,technical_means_for_model_integration,
granite,eu,required_hardware,not_disclosed,,
granite,eu,required_software,placed,required_software,
granite,eu,limitations,no_field,,
granite,eu,languages,no_field,,
granite,eu,eval_results,no_field,,
granite,eu,eval_datasets,no_field,,
granite,eu,eval_methodology,no_field,,
granite,eu,safety_evaluation,not_disclosed,,
granite,eu,bias_fairness_evaluation,not_disclosed,,
granite,eu,autonomy,not_disclosed,,
granite,eu,explainability,not_disclosed,,
granite,eu,standards_compliance,not_disclosed,,
granite,eu,base_model,placed,model_dependencies,
granite,eu,base_model_relation,placed,model_dependencies,
granite,eu,distribution_channels,placed,"distribution_channels, distribution_channels_2",
granite,eu,download_location,placed,distribution_channels,
olmo_gguf,spdx,provider_name,placed,suppliedBy -> Organization.name,
olmo_gguf,spdx,model_name,placed,name,
olmo_gguf,spdx,model_version,placed,software_packageVersion,
olmo_gguf,spdx,model_authenticity,placed,verifiedUsing,
olmo_gguf,spdx,release_date,not_disclosed,,
olmo_gguf,spdx,eu_release_date,not_disclosed,,
olmo_gguf,spdx,license,placed,hasDeclaredLicense,
olmo_gguf,spdx,acceptable_use_policy,escape_hatch,externalRef[externalRefType=other],
olmo_gguf,spdx,access_conditions,escape_hatch,comment,
olmo_gguf,spdx,additional_assets,escape_hatch,Relationship(other) -> software_Package,
olmo_gguf,spdx,architecture_family,placed,ai_typeOfModel,
olmo_gguf,spdx,architecture_details,not_disclosed,,
olmo_gguf,spdx,param_count,escape_hatch,ai_hyperparameter[key=parameterCount],
olmo_gguf,spdx,input_modalities,not_disclosed,,
olmo_gguf,spdx,max_input_size,not_disclosed,,
olmo_gguf,spdx,output_modalities,not_disclosed,,
olmo_gguf,spdx,max_output_size,not_disclosed,,
olmo_gguf,spdx,task,not_disclosed,,
olmo_gguf,spdx,weights_precision,escape_hatch,ai_hyperparameter[key=precision],
olmo_gguf,spdx,training_datasets,placed,Relationship(trainedOn),
olmo_gguf,spdx,data_modality,not_disclosed,,
olmo_gguf,spdx,data_provenance,not_disclosed,,
olmo_gguf,spdx,data_acquisition,not_disclosed,,
olmo_gguf,spdx,training_data_size,not_disclosed,,
olmo_gguf,spdx,data_scope,escape_hatch,dataset_DatasetPackage.description,
olmo_gguf,spdx,knowledge_cutoff,escape_hatch,dataset_DatasetPackage.comment,
olmo_gguf,spdx,data_curation,not_disclosed,,
olmo_gguf,spdx,unsuitable_data_measures,not_disclosed,,
olmo_gguf,spdx,personal_data,not_disclosed,,
olmo_gguf,spdx,data_bias_measures,not_disclosed,,
olmo_gguf,spdx,training_method,placed,ai_informationAboutTraining,
olmo_gguf,spdx,design_rationale,not_disclosed,,
olmo_gguf,spdx,hyperparameters,not_disclosed,,
olmo_gguf,spdx,training_hardware,not_disclosed,,
olmo_gguf,spdx,training_time,not_disclosed,,
olmo_gguf,spdx,training_compute,not_disclosed,,
olmo_gguf,spdx,compute_methodology,not_disclosed,,
olmo_gguf,spdx,training_energy,not_disclosed,,
olmo_gguf,spdx,energy_methodology,not_disclosed,,
olmo_gguf,spdx,carbon_emissions,not_disclosed,,
olmo_gguf,spdx,inference_compute,not_disclosed,,
olmo_gguf,spdx,intended_uses,placed,ai_informationAboutApplication,
olmo_gguf,spdx,out_of_scope_uses,not_disclosed,,
olmo_gguf,spdx,target_systems,not_disclosed,,
olmo_gguf,spdx,integration_means,escape_hatch,externalRef[externalRefType=documentation],
olmo_gguf,spdx,required_hardware,not_disclosed,,
olmo_gguf,spdx,required_software,placed,Relationship(dependsOn),
olmo_gguf,spdx,limitations,placed,ai_limitation,
olmo_gguf,spdx,languages,escape_hatch,ai_domain[] / comment,
olmo_gguf,spdx,eval_results,placed,ai_metric,
olmo_gguf,spdx,eval_datasets,not_disclosed,,
olmo_gguf,spdx,eval_methodology,not_disclosed,,
olmo_gguf,spdx,safety_evaluation,unplaceable,ai_AIPackage.ai_safetyRiskAssessment,ai_safetyRiskAssessment is an enum; prose needs human classification
olmo_gguf,spdx,bias_fairness_evaluation,not_disclosed,,
olmo_gguf,spdx,autonomy,not_disclosed,,
olmo_gguf,spdx,explainability,not_disclosed,,
olmo_gguf,spdx,standards_compliance,not_disclosed,,
olmo_gguf,spdx,base_model,placed,Relationship(descendantOf),
olmo_gguf,spdx,base_model_relation,escape_hatch,Relationship(descendantOf).comment,
olmo_gguf,spdx,distribution_channels,placed,externalRef,
olmo_gguf,spdx,download_location,placed,software_downloadLocation,
olmo_gguf,cdx,provider_name,placed,supplier.name,
olmo_gguf,cdx,model_name,placed,name,
olmo_gguf,cdx,model_version,placed,version,
olmo_gguf,cdx,model_authenticity,placed,hashes,
olmo_gguf,cdx,release_date,not_disclosed,,
olmo_gguf,cdx,eu_release_date,not_disclosed,,
olmo_gguf,cdx,license,placed,licenses,
olmo_gguf,cdx,acceptable_use_policy,escape_hatch,components[].externalReferences[type=other],
olmo_gguf,cdx,access_conditions,escape_hatch,components[].properties[name=accessConditions],
olmo_gguf,cdx,additional_assets,unplaceable,components[].externalReferences[type=vcs|distribution|build-meta],externalReferences need URLs; the stated value is prose
olmo_gguf,cdx,architecture_family,placed,modelParameters.architectureFamily,
olmo_gguf,cdx,architecture_details,not_disclosed,,
olmo_gguf,cdx,param_count,escape_hatch,modelCard.properties[name=parameterCount],
olmo_gguf,cdx,input_modalities,not_disclosed,,
olmo_gguf,cdx,max_input_size,not_disclosed,,
olmo_gguf,cdx,output_modalities,not_disclosed,,
olmo_gguf,cdx,max_output_size,not_disclosed,,
olmo_gguf,cdx,task,not_disclosed,,
olmo_gguf,cdx,weights_precision,escape_hatch,modelCard.properties[name=precision],
olmo_gguf,cdx,training_datasets,placed,modelParameters.datasets,
olmo_gguf,cdx,data_modality,not_disclosed,,
olmo_gguf,cdx,data_provenance,not_disclosed,,
olmo_gguf,cdx,data_acquisition,not_disclosed,,
olmo_gguf,cdx,training_data_size,not_disclosed,,
olmo_gguf,cdx,data_scope,escape_hatch,components[type=data].data[].description,
olmo_gguf,cdx,knowledge_cutoff,escape_hatch,components[type=data].properties[name=knowledgeCutoff],
olmo_gguf,cdx,data_curation,not_disclosed,,
olmo_gguf,cdx,unsuitable_data_measures,not_disclosed,,
olmo_gguf,cdx,personal_data,not_disclosed,,
olmo_gguf,cdx,data_bias_measures,not_disclosed,,
olmo_gguf,cdx,training_method,unplaceable,modelCard.modelParameters.approach.type,modelParameters.approach.type is a 5-value enum; prose needs human classification
olmo_gguf,cdx,design_rationale,not_disclosed,,
olmo_gguf,cdx,hyperparameters,not_disclosed,,
olmo_gguf,cdx,training_hardware,not_disclosed,,
olmo_gguf,cdx,training_time,not_disclosed,,
olmo_gguf,cdx,training_compute,not_disclosed,,
olmo_gguf,cdx,compute_methodology,not_disclosed,,
olmo_gguf,cdx,training_energy,not_disclosed,,
olmo_gguf,cdx,energy_methodology,not_disclosed,,
olmo_gguf,cdx,carbon_emissions,not_disclosed,,
olmo_gguf,cdx,inference_compute,not_disclosed,,
olmo_gguf,cdx,intended_uses,placed,considerations.useCases,
olmo_gguf,cdx,out_of_scope_uses,not_disclosed,,
olmo_gguf,cdx,target_systems,not_disclosed,,
olmo_gguf,cdx,integration_means,escape_hatch,components[].externalReferences[type=documentation],
olmo_gguf,cdx,required_hardware,not_disclosed,,
olmo_gguf,cdx,required_software,placed,dependencies,
olmo_gguf,cdx,limitations,placed,considerations.technicalLimitations,
olmo_gguf,cdx,languages,escape_hatch,modelCard.properties[name=language],
olmo_gguf,cdx,eval_results,placed,quantitativeAnalysis.performanceMetrics,
olmo_gguf,cdx,eval_datasets,not_disclosed,,
olmo_gguf,cdx,eval_methodology,not_disclosed,,
olmo_gguf,cdx,safety_evaluation,placed,considerations.ethicalConsiderations,
olmo_gguf,cdx,bias_fairness_evaluation,not_disclosed,,
olmo_gguf,cdx,autonomy,not_disclosed,,
olmo_gguf,cdx,explainability,not_disclosed,,
olmo_gguf,cdx,standards_compliance,not_disclosed,,
olmo_gguf,cdx,base_model,placed,pedigree.ancestors,
olmo_gguf,cdx,base_model_relation,escape_hatch,components[].pedigree.notes,
olmo_gguf,cdx,distribution_channels,escape_hatch,components[].properties,externalReferences need a URL per channel; stated channels are prose
olmo_gguf,cdx,download_location,placed,externalReferences[distribution],
olmo_gguf,eu,provider_name,placed,legal_name_for_the_model_provider,
olmo_gguf,eu,model_name,placed,model_name,
olmo_gguf,eu,model_version,placed,model_name,
olmo_gguf,eu,model_authenticity,placed,model_authenticity,
olmo_gguf,eu,release_date,not_disclosed,,
olmo_gguf,eu,eu_release_date,not_disclosed,,
olmo_gguf,eu,license,placed,"license, license_2",
olmo_gguf,eu,acceptable_use_policy,placed,acceptable_use_policy,
olmo_gguf,eu,access_conditions,no_field,,
olmo_gguf,eu,additional_assets,placed,license_3,
olmo_gguf,eu,architecture_family,placed,model_architecture,
olmo_gguf,eu,architecture_details,not_disclosed,,
olmo_gguf,eu,param_count,placed,"total_model_size, total_model_size_2",
olmo_gguf,eu,input_modalities,not_disclosed,,
olmo_gguf,eu,max_input_size,not_disclosed,,
olmo_gguf,eu,output_modalities,not_disclosed,,
olmo_gguf,eu,max_output_size,not_disclosed,,
olmo_gguf,eu,task,not_disclosed,,
olmo_gguf,eu,weights_precision,no_field,,
olmo_gguf,eu,training_datasets,no_field,,
olmo_gguf,eu,data_modality,not_disclosed,,
olmo_gguf,eu,data_provenance,not_disclosed,,
olmo_gguf,eu,data_acquisition,not_disclosed,,
olmo_gguf,eu,training_data_size,not_disclosed,,
olmo_gguf,eu,data_scope,placed,scope_and_main_characteristics,
olmo_gguf,eu,knowledge_cutoff,no_field,,
olmo_gguf,eu,data_curation,not_disclosed,,
olmo_gguf,eu,unsuitable_data_measures,not_disclosed,,
olmo_gguf,eu,personal_data,not_disclosed,,
olmo_gguf,eu,data_bias_measures,not_disclosed,,
olmo_gguf,eu,training_method,placed,design_specifications_of_the_training_process,
olmo_gguf,eu,design_rationale,not_disclosed,,
olmo_gguf,eu,hyperparameters,not_disclosed,,
olmo_gguf,eu,training_hardware,not_disclosed,,
olmo_gguf,eu,training_time,not_disclosed,,
olmo_gguf,eu,training_compute,not_disclosed,,
olmo_gguf,eu,compute_methodology,not_disclosed,,
olmo_gguf,eu,training_energy,not_disclosed,,
olmo_gguf,eu,energy_methodology,not_disclosed,,
olmo_gguf,eu,carbon_emissions,not_disclosed,,
olmo_gguf,eu,inference_compute,not_disclosed,,
olmo_gguf,eu,intended_uses,placed,intended_uses,
olmo_gguf,eu,out_of_scope_uses,not_disclosed,,
olmo_gguf,eu,target_systems,not_disclosed,,
olmo_gguf,eu,integration_means,placed,technical_means_for_model_integration,
olmo_gguf,eu,required_hardware,not_disclosed,,
olmo_gguf,eu,required_software,placed,required_software,
olmo_gguf,eu,limitations,no_field,,
olmo_gguf,eu,languages,no_field,,
olmo_gguf,eu,eval_results,no_field,,
olmo_gguf,eu,eval_datasets,not_disclosed,,
olmo_gguf,eu,eval_methodology,not_disclosed,,
olmo_gguf,eu,safety_evaluation,no_field,,
olmo_gguf,eu,bias_fairness_evaluation,not_disclosed,,
olmo_gguf,eu,autonomy,not_disclosed,,
olmo_gguf,eu,explainability,not_disclosed,,
olmo_gguf,eu,standards_compliance,not_disclosed,,
olmo_gguf,eu,base_model,placed,model_dependencies,
olmo_gguf,eu,base_model_relation,placed,model_dependencies,
olmo_gguf,eu,distribution_channels,placed,"distribution_channels, distribution_channels_2",
olmo_gguf,eu,download_location,placed,distribution_channels,
molmo2,spdx,provider_name,placed,suppliedBy -> Organization.name,
molmo2,spdx,model_name,placed,name,
molmo2,spdx,model_version,placed,software_packageVersion,
molmo2,spdx,model_authenticity,placed,verifiedUsing,
molmo2,spdx,release_date,not_disclosed,,
molmo2,spdx,eu_release_date,not_disclosed,,
molmo2,spdx,license,placed,hasDeclaredLicense,
molmo2,spdx,acceptable_use_policy,escape_hatch,externalRef[externalRefType=other],
molmo2,spdx,access_conditions,escape_hatch,comment,
molmo2,spdx,additional_assets,escape_hatch,Relationship(other) -> software_Package,
molmo2,spdx,architecture_family,placed,ai_typeOfModel,
molmo2,spdx,architecture_details,escape_hatch,description,
molmo2,spdx,param_count,escape_hatch,ai_hyperparameter[key=parameterCount],
molmo2,spdx,input_modalities,escape_hatch,ai_hyperparameter[key=inputModality],
molmo2,spdx,max_input_size,placed,ai_hyperparameter[contextLength],
molmo2,spdx,output_modalities,escape_hatch,ai_hyperparameter[key=outputModality],
molmo2,spdx,max_output_size,not_disclosed,,
molmo2,spdx,task,escape_hatch,ai_domain[],
molmo2,spdx,weights_precision,escape_hatch,ai_hyperparameter[key=precision],
molmo2,spdx,training_datasets,placed,Relationship(trainedOn),
molmo2,spdx,data_modality,placed,dataset_datasetType,
molmo2,spdx,data_provenance,placed,dataset_dataCollectionProcess,
molmo2,spdx,data_acquisition,placed,dataset_dataCollectionProcess,
molmo2,spdx,training_data_size,not_disclosed,,
molmo2,spdx,data_scope,escape_hatch,dataset_DatasetPackage.description,
molmo2,spdx,knowledge_cutoff,not_disclosed,,
molmo2,spdx,data_curation,not_disclosed,,
molmo2,spdx,unsuitable_data_measures,not_disclosed,,
molmo2,spdx,personal_data,not_disclosed,,
molmo2,spdx,data_bias_measures,not_disclosed,,
molmo2,spdx,training_method,not_disclosed,,
molmo2,spdx,design_rationale,not_disclosed,,
molmo2,spdx,hyperparameters,not_disclosed,,
molmo2,spdx,training_hardware,not_disclosed,,
molmo2,spdx,training_time,not_disclosed,,
molmo2,spdx,training_compute,not_disclosed,,
molmo2,spdx,compute_methodology,not_disclosed,,
molmo2,spdx,training_energy,not_disclosed,,
molmo2,spdx,energy_methodology,not_disclosed,,
molmo2,spdx,carbon_emissions,not_disclosed,,
molmo2,spdx,inference_compute,not_disclosed,,
molmo2,spdx,intended_uses,placed,ai_informationAboutApplication,
molmo2,spdx,out_of_scope_uses,placed,ai_informationAboutApplication,
molmo2,spdx,target_systems,not_disclosed,,
molmo2,spdx,integration_means,escape_hatch,externalRef[externalRefType=documentation],
molmo2,spdx,required_hardware,not_disclosed,,
molmo2,spdx,required_software,placed,Relationship(dependsOn),
molmo2,spdx,limitations,not_disclosed,,
molmo2,spdx,languages,escape_hatch,ai_domain[] / comment,
molmo2,spdx,eval_results,placed,ai_metric,
molmo2,spdx,eval_datasets,not_disclosed,,
molmo2,spdx,eval_methodology,not_disclosed,,
molmo2,spdx,safety_evaluation,not_disclosed,,
molmo2,spdx,bias_fairness_evaluation,not_disclosed,,
molmo2,spdx,autonomy,not_disclosed,,
molmo2,spdx,explainability,not_disclosed,,
molmo2,spdx,standards_compliance,not_disclosed,,
molmo2,spdx,base_model,placed,Relationship(descendantOf),
molmo2,spdx,base_model_relation,escape_hatch,Relationship(descendantOf).comment,
molmo2,spdx,distribution_channels,placed,externalRef,
molmo2,spdx,download_location,placed,software_downloadLocation,
molmo2,cdx,provider_name,placed,supplier.name,
molmo2,cdx,model_name,placed,name,
molmo2,cdx,model_version,placed,version,
molmo2,cdx,model_authenticity,placed,hashes,
molmo2,cdx,release_date,not_disclosed,,
molmo2,cdx,eu_release_date,not_disclosed,,
molmo2,cdx,license,placed,licenses,
molmo2,cdx,acceptable_use_policy,escape_hatch,components[].externalReferences[type=other],
molmo2,cdx,access_conditions,escape_hatch,components[].properties[name=accessConditions],
molmo2,cdx,additional_assets,unplaceable,components[].externalReferences[type=vcs|distribution|build-meta],externalReferences need URLs; the stated value is prose
molmo2,cdx,architecture_family,placed,modelParameters.architectureFamily,
molmo2,cdx,architecture_details,placed,modelParameters.modelArchitecture,
molmo2,cdx,param_count,escape_hatch,modelCard.properties[name=parameterCount],
molmo2,cdx,input_modalities,placed,modelParameters.inputs,
molmo2,cdx,max_input_size,escape_hatch,modelCard.properties[name=contextLength],
molmo2,cdx,output_modalities,placed,modelParameters.outputs,
molmo2,cdx,max_output_size,not_disclosed,,
molmo2,cdx,task,placed,modelParameters.task,
molmo2,cdx,weights_precision,escape_hatch,modelCard.properties[name=precision],
molmo2,cdx,training_datasets,placed,modelParameters.datasets,
molmo2,cdx,data_modality,escape_hatch,components[type=data].data[].classification,
molmo2,cdx,data_provenance,escape_hatch,components[type=data].data[].description,
molmo2,cdx,data_acquisition,escape_hatch,components[type=data].data[].description,
molmo2,cdx,training_data_size,not_disclosed,,
molmo2,cdx,data_scope,escape_hatch,components[type=data].data[].description,
molmo2,cdx,knowledge_cutoff,not_disclosed,,
molmo2,cdx,data_curation,not_disclosed,,
molmo2,cdx,unsuitable_data_measures,not_disclosed,,
molmo2,cdx,personal_data,not_disclosed,,
molmo2,cdx,data_bias_measures,not_disclosed,,
molmo2,cdx,training_method,not_disclosed,,
molmo2,cdx,design_rationale,not_disclosed,,
molmo2,cdx,hyperparameters,not_disclosed,,
molmo2,cdx,training_hardware,not_disclosed,,
molmo2,cdx,training_time,not_disclosed,,
molmo2,cdx,training_compute,not_disclosed,,
molmo2,cdx,compute_methodology,not_disclosed,,
molmo2,cdx,training_energy,not_disclosed,,
molmo2,cdx,energy_methodology,not_disclosed,,
molmo2,cdx,carbon_emissions,not_disclosed,,
molmo2,cdx,inference_compute,not_disclosed,,
molmo2,cdx,intended_uses,placed,considerations.useCases,
molmo2,cdx,out_of_scope_uses,escape_hatch,modelCard.considerations.technicalLimitations[],
molmo2,cdx,target_systems,not_disclosed,,
molmo2,cdx,integration_means,escape_hatch,components[].externalReferences[type=documentation],
molmo2,cdx,required_hardware,not_disclosed,,
molmo2,cdx,required_software,placed,dependencies,
molmo2,cdx,limitations,not_disclosed,,
molmo2,cdx,languages,escape_hatch,modelCard.properties[name=language],
molmo2,cdx,eval_results,placed,quantitativeAnalysis.performanceMetrics,
molmo2,cdx,eval_datasets,not_disclosed,,
molmo2,cdx,eval_methodology,not_disclosed,,
molmo2,cdx,safety_evaluation,not_disclosed,,
molmo2,cdx,bias_fairness_evaluation,not_disclosed,,
molmo2,cdx,autonomy,not_disclosed,,
molmo2,cdx,explainability,not_disclosed,,
molmo2,cdx,standards_compliance,not_disclosed,,
molmo2,cdx,base_model,placed,pedigree.ancestors,
molmo2,cdx,base_model_relation,escape_hatch,components[].pedigree.notes,
molmo2,cdx,distribution_channels,escape_hatch,components[].properties,externalReferences need a URL per channel; stated channels are prose
molmo2,cdx,download_location,placed,externalReferences[distribution],
molmo2,eu,provider_name,placed,legal_name_for_the_model_provider,
molmo2,eu,model_name,placed,model_name,
molmo2,eu,model_version,placed,model_name,
molmo2,eu,model_authenticity,placed,model_authenticity,
molmo2,eu,release_date,not_disclosed,,
molmo2,eu,eu_release_date,not_disclosed,,
molmo2,eu,license,placed,"license, license_2",
molmo2,eu,acceptable_use_policy,placed,acceptable_use_policy,
molmo2,eu,access_conditions,no_field,,
molmo2,eu,additional_assets,placed,license_3,
molmo2,eu,architecture_family,placed,model_architecture,
molmo2,eu,architecture_details,placed,design_specifications_of_the_model,
molmo2,eu,param_count,placed,"total_model_size, total_model_size_2",
molmo2,eu,input_modalities,placed,input_modalities,
molmo2,eu,max_input_size,placed,input_modalities_maximum_size,
molmo2,eu,output_modalities,placed,output_modalities_modalities,
molmo2,eu,max_output_size,not_disclosed,,
molmo2,eu,task,no_field,,
molmo2,eu,weights_precision,no_field,,
molmo2,eu,training_datasets,no_field,,
molmo2,eu,data_modality,placed,data_type_modality_select_all_that_apply,
molmo2,eu,data_provenance,placed,data_provenance_select_all_that_apply,
molmo2,eu,data_acquisition,placed,how_data_was_obtained_and_selected,
molmo2,eu,training_data_size,not_disclosed,,
molmo2,eu,data_scope,placed,scope_and_main_characteristics,
molmo2,eu,knowledge_cutoff,not_disclosed,,
molmo2,eu,data_curation,not_disclosed,,
molmo2,eu,unsuitable_data_measures,not_disclosed,,
molmo2,eu,personal_data,not_disclosed,,
molmo2,eu,data_bias_measures,not_disclosed,,
molmo2,eu,training_method,not_disclosed,,
molmo2,eu,design_rationale,not_disclosed,,
molmo2,eu,hyperparameters,not_disclosed,,
molmo2,eu,training_hardware,not_disclosed,,
molmo2,eu,training_time,not_disclosed,,
molmo2,eu,training_compute,not_disclosed,,
molmo2,eu,compute_methodology,not_disclosed,,
molmo2,eu,training_energy,not_disclosed,,
molmo2,eu,energy_methodology,not_disclosed,,
molmo2,eu,carbon_emissions,not_disclosed,,
molmo2,eu,inference_compute,not_disclosed,,
molmo2,eu,intended_uses,placed,intended_uses,
molmo2,eu,out_of_scope_uses,placed,type_and_nature_of_ai_systems_in_which_the_general,
molmo2,eu,target_systems,not_disclosed,,
molmo2,eu,integration_means,placed,technical_means_for_model_integration,
molmo2,eu,required_hardware,not_disclosed,,
molmo2,eu,required_software,placed,required_software,
molmo2,eu,limitations,not_disclosed,,
molmo2,eu,languages,no_field,,
molmo2,eu,eval_results,no_field,,
molmo2,eu,eval_datasets,not_disclosed,,
molmo2,eu,eval_methodology,not_disclosed,,
molmo2,eu,safety_evaluation,not_disclosed,,
molmo2,eu,bias_fairness_evaluation,not_disclosed,,
molmo2,eu,autonomy,not_disclosed,,
molmo2,eu,explainability,not_disclosed,,
molmo2,eu,standards_compliance,not_disclosed,,
molmo2,eu,base_model,placed,model_dependencies,
molmo2,eu,base_model_relation,placed,model_dependencies,
molmo2,eu,distribution_channels,placed,"distribution_channels, distribution_channels_2",
molmo2,eu,download_location,placed,distribution_channels,
internvl_gptoss,spdx,provider_name,not_disclosed,,
internvl_gptoss,spdx,model_name,placed,name,
internvl_gptoss,spdx,model_version,placed,software_packageVersion,
internvl_gptoss,spdx,model_authenticity,placed,verifiedUsing,
internvl_gptoss,spdx,release_date,not_disclosed,,
internvl_gptoss,spdx,eu_release_date,not_disclosed,,
internvl_gptoss,spdx,license,placed,hasDeclaredLicense,
internvl_gptoss,spdx,acceptable_use_policy,not_disclosed,,
internvl_gptoss,spdx,access_conditions,escape_hatch,comment,
internvl_gptoss,spdx,additional_assets,escape_hatch,Relationship(other) -> software_Package,
internvl_gptoss,spdx,architecture_family,placed,ai_typeOfModel,
internvl_gptoss,spdx,architecture_details,escape_hatch,description,
internvl_gptoss,spdx,param_count,escape_hatch,ai_hyperparameter[key=parameterCount],
internvl_gptoss,spdx,input_modalities,escape_hatch,ai_hyperparameter[key=inputModality],
internvl_gptoss,spdx,max_input_size,placed,ai_hyperparameter[contextLength],
internvl_gptoss,spdx,output_modalities,escape_hatch,ai_hyperparameter[key=outputModality],
internvl_gptoss,spdx,max_output_size,not_disclosed,,
internvl_gptoss,spdx,task,escape_hatch,ai_domain[],
internvl_gptoss,spdx,weights_precision,escape_hatch,ai_hyperparameter[key=precision],
internvl_gptoss,spdx,training_datasets,placed,Relationship(trainedOn),
internvl_gptoss,spdx,data_modality,placed,dataset_datasetType,
internvl_gptoss,spdx,data_provenance,placed,dataset_dataCollectionProcess,
internvl_gptoss,spdx,data_acquisition,placed,dataset_dataCollectionProcess,
internvl_gptoss,spdx,training_data_size,not_disclosed,,
internvl_gptoss,spdx,data_scope,escape_hatch,dataset_DatasetPackage.description,
internvl_gptoss,spdx,knowledge_cutoff,not_disclosed,,
internvl_gptoss,spdx,data_curation,placed,dataset_dataPreprocessing,
internvl_gptoss,spdx,unsuitable_data_measures,not_disclosed,,
internvl_gptoss,spdx,personal_data,not_disclosed,,
internvl_gptoss,spdx,data_bias_measures,not_disclosed,,
internvl_gptoss,spdx,training_method,placed,ai_informationAboutTraining,
internvl_gptoss,spdx,design_rationale,escape_hatch,ai_AIPackage.comment,
internvl_gptoss,spdx,hyperparameters,placed,ai_hyperparameter,
internvl_gptoss,spdx,training_hardware,not_disclosed,,
internvl_gptoss,spdx,training_time,not_disclosed,,
internvl_gptoss,spdx,training_compute,not_disclosed,,
internvl_gptoss,spdx,compute_methodology,not_disclosed,,
internvl_gptoss,spdx,training_energy,not_disclosed,,
internvl_gptoss,spdx,energy_methodology,not_disclosed,,
internvl_gptoss,spdx,carbon_emissions,not_disclosed,,
internvl_gptoss,spdx,inference_compute,not_disclosed,,
internvl_gptoss,spdx,intended_uses,not_disclosed,,
internvl_gptoss,spdx,out_of_scope_uses,not_disclosed,,
internvl_gptoss,spdx,target_systems,placed,ai_informationAboutApplication,
internvl_gptoss,spdx,integration_means,escape_hatch,externalRef[externalRefType=documentation],
internvl_gptoss,spdx,required_hardware,escape_hatch,ai_AIPackage.comment,
internvl_gptoss,spdx,required_software,placed,Relationship(dependsOn),
internvl_gptoss,spdx,limitations,placed,ai_limitation,
internvl_gptoss,spdx,languages,escape_hatch,ai_domain[] / comment,
internvl_gptoss,spdx,eval_results,not_disclosed,,
internvl_gptoss,spdx,eval_datasets,placed,Relationship(testedOn),
internvl_gptoss,spdx,eval_methodology,escape_hatch,ai_AIPackage.comment,
internvl_gptoss,spdx,safety_evaluation,not_disclosed,,
internvl_gptoss,spdx,bias_fairness_evaluation,not_disclosed,,
internvl_gptoss,spdx,autonomy,not_disclosed,,
internvl_gptoss,spdx,explainability,not_disclosed,,
internvl_gptoss,spdx,standards_compliance,not_disclosed,,
internvl_gptoss,spdx,base_model,placed,Relationship(descendantOf),
internvl_gptoss,spdx,base_model_relation,escape_hatch,Relationship(descendantOf).comment,
internvl_gptoss,spdx,distribution_channels,placed,externalRef,
internvl_gptoss,spdx,download_location,placed,software_downloadLocation,
internvl_gptoss,cdx,provider_name,not_disclosed,,
internvl_gptoss,cdx,model_name,placed,name,
internvl_gptoss,cdx,model_version,placed,version,
internvl_gptoss,cdx,model_authenticity,placed,hashes,
internvl_gptoss,cdx,release_date,not_disclosed,,
internvl_gptoss,cdx,eu_release_date,not_disclosed,,
internvl_gptoss,cdx,license,placed,licenses,
internvl_gptoss,cdx,acceptable_use_policy,not_disclosed,,
internvl_gptoss,cdx,access_conditions,escape_hatch,components[].properties[name=accessConditions],
internvl_gptoss,cdx,additional_assets,unplaceable,components[].externalReferences[type=vcs|distribution|build-meta],externalReferences need URLs; the stated value is prose
internvl_gptoss,cdx,architecture_family,placed,modelParameters.architectureFamily,
internvl_gptoss,cdx,architecture_details,placed,modelParameters.modelArchitecture,
internvl_gptoss,cdx,param_count,escape_hatch,modelCard.properties[name=parameterCount],
internvl_gptoss,cdx,input_modalities,placed,modelParameters.inputs,
internvl_gptoss,cdx,max_input_size,escape_hatch,modelCard.properties[name=contextLength],
internvl_gptoss,cdx,output_modalities,placed,modelParameters.outputs,
internvl_gptoss,cdx,max_output_size,not_disclosed,,
internvl_gptoss,cdx,task,placed,modelParameters.task,
internvl_gptoss,cdx,weights_precision,escape_hatch,modelCard.properties[name=precision],
internvl_gptoss,cdx,training_datasets,placed,modelParameters.datasets,
internvl_gptoss,cdx,data_modality,escape_hatch,components[type=data].data[].classification,
internvl_gptoss,cdx,data_provenance,escape_hatch,components[type=data].data[].description,
internvl_gptoss,cdx,data_acquisition,escape_hatch,components[type=data].data[].description,
internvl_gptoss,cdx,training_data_size,not_disclosed,,
internvl_gptoss,cdx,data_scope,escape_hatch,components[type=data].data[].description,
internvl_gptoss,cdx,knowledge_cutoff,not_disclosed,,
internvl_gptoss,cdx,data_curation,escape_hatch,components[type=data].data[].description,
internvl_gptoss,cdx,unsuitable_data_measures,not_disclosed,,
internvl_gptoss,cdx,personal_data,not_disclosed,,
internvl_gptoss,cdx,data_bias_measures,not_disclosed,,
internvl_gptoss,cdx,training_method,unplaceable,modelCard.modelParameters.approach.type,modelParameters.approach.type is a 5-value enum; prose needs human classification
internvl_gptoss,cdx,design_rationale,escape_hatch,modelCard.properties[name=designRationale],
internvl_gptoss,cdx,hyperparameters,escape_hatch,modelCard.properties[name=hyperparameter:*],
internvl_gptoss,cdx,training_hardware,not_disclosed,,
internvl_gptoss,cdx,training_time,not_disclosed,,
internvl_gptoss,cdx,training_compute,not_disclosed,,
internvl_gptoss,cdx,compute_methodology,not_disclosed,,
internvl_gptoss,cdx,training_energy,not_disclosed,,
internvl_gptoss,cdx,energy_methodology,not_disclosed,,
internvl_gptoss,cdx,carbon_emissions,not_disclosed,,
internvl_gptoss,cdx,inference_compute,not_disclosed,,
internvl_gptoss,cdx,intended_uses,not_disclosed,,
internvl_gptoss,cdx,out_of_scope_uses,not_disclosed,,
internvl_gptoss,cdx,target_systems,placed,considerations.useCases,
internvl_gptoss,cdx,integration_means,escape_hatch,components[].externalReferences[type=documentation],
internvl_gptoss,cdx,required_hardware,escape_hatch,modelCard.properties[name=requiredHardware],
internvl_gptoss,cdx,required_software,placed,dependencies,
internvl_gptoss,cdx,limitations,placed,considerations.technicalLimitations,
internvl_gptoss,cdx,languages,escape_hatch,modelCard.properties[name=language],
internvl_gptoss,cdx,eval_results,not_disclosed,,
internvl_gptoss,cdx,eval_datasets,placed,modelParameters.datasets,
internvl_gptoss,cdx,eval_methodology,escape_hatch,modelCard.quantitativeAnalysis.properties,
internvl_gptoss,cdx,safety_evaluation,not_disclosed,,
internvl_gptoss,cdx,bias_fairness_evaluation,not_disclosed,,
internvl_gptoss,cdx,autonomy,not_disclosed,,
internvl_gptoss,cdx,explainability,not_disclosed,,
internvl_gptoss,cdx,standards_compliance,not_disclosed,,
internvl_gptoss,cdx,base_model,placed,pedigree.ancestors,
internvl_gptoss,cdx,base_model_relation,escape_hatch,components[].pedigree.notes,
internvl_gptoss,cdx,distribution_channels,escape_hatch,components[].properties,externalReferences need a URL per channel; stated channels are prose
internvl_gptoss,cdx,download_location,placed,externalReferences[distribution],
internvl_gptoss,eu,provider_name,not_disclosed,,
internvl_gptoss,eu,model_name,placed,model_name,
internvl_gptoss,eu,model_version,placed,model_name,
internvl_gptoss,eu,model_authenticity,placed,model_authenticity,
internvl_gptoss,eu,release_date,not_disclosed,,
internvl_gptoss,eu,eu_release_date,not_disclosed,,
internvl_gptoss,eu,license,placed,"license, license_2",
internvl_gptoss,eu,acceptable_use_policy,not_disclosed,,
internvl_gptoss,eu,access_conditions,no_field,,
internvl_gptoss,eu,additional_assets,placed,license_3,
internvl_gptoss,eu,architecture_family,placed,model_architecture,
internvl_gptoss,eu,architecture_details,placed,design_specifications_of_the_model,
internvl_gptoss,eu,param_count,placed,"total_model_size, total_model_size_2",
internvl_gptoss,eu,input_modalities,placed,input_modalities,
internvl_gptoss,eu,max_input_size,placed,input_modalities_maximum_size,
internvl_gptoss,eu,output_modalities,placed,output_modalities_modalities,
internvl_gptoss,eu,max_output_size,not_disclosed,,
internvl_gptoss,eu,task,no_field,,
internvl_gptoss,eu,weights_precision,no_field,,
internvl_gptoss,eu,training_datasets,no_field,,
internvl_gptoss,eu,data_modality,placed,data_type_modality_select_all_that_apply,
internvl_gptoss,eu,data_provenance,placed,data_provenance_select_all_that_apply,
internvl_gptoss,eu,data_acquisition,placed,how_data_was_obtained_and_selected,
internvl_gptoss,eu,training_data_size,not_disclosed,,
internvl_gptoss,eu,data_scope,placed,scope_and_main_characteristics,
internvl_gptoss,eu,knowledge_cutoff,not_disclosed,,
internvl_gptoss,eu,data_curation,placed,data_curation_methodologies,
internvl_gptoss,eu,unsuitable_data_measures,not_disclosed,,
internvl_gptoss,eu,personal_data,not_disclosed,,
internvl_gptoss,eu,data_bias_measures,not_disclosed,,
internvl_gptoss,eu,training_method,placed,design_specifications_of_the_training_process,
internvl_gptoss,eu,design_rationale,placed,decision_rationale,
internvl_gptoss,eu,hyperparameters,placed,design_specifications_of_the_training_process,
internvl_gptoss,eu,training_hardware,not_disclosed,,
internvl_gptoss,eu,training_time,not_disclosed,,
internvl_gptoss,eu,training_compute,not_disclosed,,
internvl_gptoss,eu,compute_methodology,not_disclosed,,
internvl_gptoss,eu,training_energy,not_disclosed,,
internvl_gptoss,eu,energy_methodology,not_disclosed,,
internvl_gptoss,eu,carbon_emissions,not_disclosed,,
internvl_gptoss,eu,inference_compute,not_disclosed,,
internvl_gptoss,eu,intended_uses,not_disclosed,,
internvl_gptoss,eu,out_of_scope_uses,not_disclosed,,
internvl_gptoss,eu,target_systems,placed,type_and_nature_of_ai_systems_in_which_the_general,
internvl_gptoss,eu,integration_means,placed,technical_means_for_model_integration,
internvl_gptoss,eu,required_hardware,placed,required_hardware,
internvl_gptoss,eu,required_software,placed,required_software,
internvl_gptoss,eu,limitations,no_field,,
internvl_gptoss,eu,languages,no_field,,
internvl_gptoss,eu,eval_results,not_disclosed,,
internvl_gptoss,eu,eval_datasets,no_field,,
internvl_gptoss,eu,eval_methodology,no_field,,
internvl_gptoss,eu,safety_evaluation,not_disclosed,,
internvl_gptoss,eu,bias_fairness_evaluation,not_disclosed,,
internvl_gptoss,eu,autonomy,not_disclosed,,
internvl_gptoss,eu,explainability,not_disclosed,,
internvl_gptoss,eu,standards_compliance,not_disclosed,,
internvl_gptoss,eu,base_model,placed,model_dependencies,
internvl_gptoss,eu,base_model_relation,placed,model_dependencies,
internvl_gptoss,eu,distribution_channels,placed,"distribution_channels, distribution_channels_2",
internvl_gptoss,eu,download_location,placed,distribution_channels,
twil_smollm,spdx,provider_name,placed,suppliedBy -> Organization.name,
twil_smollm,spdx,model_name,placed,name,
twil_smollm,spdx,model_version,placed,software_packageVersion,
twil_smollm,spdx,model_authenticity,placed,verifiedUsing,
twil_smollm,spdx,release_date,not_disclosed,,
twil_smollm,spdx,eu_release_date,not_disclosed,,
twil_smollm,spdx,license,placed,hasDeclaredLicense,
twil_smollm,spdx,acceptable_use_policy,not_disclosed,,
twil_smollm,spdx,access_conditions,escape_hatch,comment,
twil_smollm,spdx,additional_assets,escape_hatch,Relationship(other) -> software_Package,
twil_smollm,spdx,architecture_family,placed,ai_typeOfModel,
twil_smollm,spdx,architecture_details,escape_hatch,description,
twil_smollm,spdx,param_count,escape_hatch,ai_hyperparameter[key=parameterCount],
twil_smollm,spdx,input_modalities,escape_hatch,ai_hyperparameter[key=inputModality],
twil_smollm,spdx,max_input_size,placed,ai_hyperparameter[contextLength],
twil_smollm,spdx,output_modalities,escape_hatch,ai_hyperparameter[key=outputModality],
twil_smollm,spdx,max_output_size,not_disclosed,,
twil_smollm,spdx,task,escape_hatch,ai_domain[],
twil_smollm,spdx,weights_precision,escape_hatch,ai_hyperparameter[key=precision],
twil_smollm,spdx,training_datasets,not_disclosed,,
twil_smollm,spdx,data_modality,not_disclosed,,
twil_smollm,spdx,data_provenance,placed,dataset_dataCollectionProcess,
twil_smollm,spdx,data_acquisition,placed,dataset_dataCollectionProcess,
twil_smollm,spdx,training_data_size,not_disclosed,,
twil_smollm,spdx,data_scope,escape_hatch,dataset_DatasetPackage.description,
twil_smollm,spdx,knowledge_cutoff,not_disclosed,,
twil_smollm,spdx,data_curation,not_disclosed,,
twil_smollm,spdx,unsuitable_data_measures,not_disclosed,,
twil_smollm,spdx,personal_data,not_disclosed,,
twil_smollm,spdx,data_bias_measures,not_disclosed,,
twil_smollm,spdx,training_method,placed,ai_informationAboutTraining,
twil_smollm,spdx,design_rationale,escape_hatch,ai_AIPackage.comment,
twil_smollm,spdx,hyperparameters,not_disclosed,,
twil_smollm,spdx,training_hardware,not_disclosed,,
twil_smollm,spdx,training_time,not_disclosed,,
twil_smollm,spdx,training_compute,not_disclosed,,
twil_smollm,spdx,compute_methodology,not_disclosed,,
twil_smollm,spdx,training_energy,not_disclosed,,
twil_smollm,spdx,energy_methodology,not_disclosed,,
twil_smollm,spdx,carbon_emissions,not_disclosed,,
twil_smollm,spdx,inference_compute,not_disclosed,,
twil_smollm,spdx,intended_uses,placed,ai_informationAboutApplication,
twil_smollm,spdx,out_of_scope_uses,placed,ai_informationAboutApplication,
twil_smollm,spdx,target_systems,not_disclosed,,
twil_smollm,spdx,integration_means,escape_hatch,externalRef[externalRefType=documentation],
twil_smollm,spdx,required_hardware,escape_hatch,ai_AIPackage.comment,
twil_smollm,spdx,required_software,placed,Relationship(dependsOn),
twil_smollm,spdx,limitations,placed,ai_limitation,
twil_smollm,spdx,languages,escape_hatch,ai_domain[] / comment,
twil_smollm,spdx,eval_results,placed,ai_metric,
twil_smollm,spdx,eval_datasets,placed,Relationship(testedOn),
twil_smollm,spdx,eval_methodology,escape_hatch,ai_AIPackage.comment,
twil_smollm,spdx,safety_evaluation,not_disclosed,,
twil_smollm,spdx,bias_fairness_evaluation,not_disclosed,,
twil_smollm,spdx,autonomy,not_disclosed,,
twil_smollm,spdx,explainability,not_disclosed,,
twil_smollm,spdx,standards_compliance,not_disclosed,,
twil_smollm,spdx,base_model,placed,Relationship(descendantOf),
twil_smollm,spdx,base_model_relation,escape_hatch,Relationship(descendantOf).comment,
twil_smollm,spdx,distribution_channels,placed,externalRef,
twil_smollm,spdx,download_location,placed,software_downloadLocation,
twil_smollm,cdx,provider_name,placed,supplier.name,
twil_smollm,cdx,model_name,placed,name,
twil_smollm,cdx,model_version,placed,version,
twil_smollm,cdx,model_authenticity,placed,hashes,
twil_smollm,cdx,release_date,not_disclosed,,
twil_smollm,cdx,eu_release_date,not_disclosed,,
twil_smollm,cdx,license,placed,licenses,
twil_smollm,cdx,acceptable_use_policy,not_disclosed,,
twil_smollm,cdx,access_conditions,escape_hatch,components[].properties[name=accessConditions],
twil_smollm,cdx,additional_assets,unplaceable,components[].externalReferences[type=vcs|distribution|build-meta],externalReferences need URLs; the stated value is prose
twil_smollm,cdx,architecture_family,placed,modelParameters.architectureFamily,
twil_smollm,cdx,architecture_details,placed,modelParameters.modelArchitecture,
twil_smollm,cdx,param_count,escape_hatch,modelCard.properties[name=parameterCount],
twil_smollm,cdx,input_modalities,placed,modelParameters.inputs,
twil_smollm,cdx,max_input_size,escape_hatch,modelCard.properties[name=contextLength],
twil_smollm,cdx,output_modalities,placed,modelParameters.outputs,
twil_smollm,cdx,max_output_size,not_disclosed,,
twil_smollm,cdx,task,placed,modelParameters.task,
twil_smollm,cdx,weights_precision,escape_hatch,modelCard.properties[name=precision],
twil_smollm,cdx,training_datasets,not_disclosed,,
twil_smollm,cdx,data_modality,not_disclosed,,
twil_smollm,cdx,data_provenance,escape_hatch,components[type=data].data[].description,
twil_smollm,cdx,data_acquisition,escape_hatch,components[type=data].data[].description,
twil_smollm,cdx,training_data_size,not_disclosed,,
twil_smollm,cdx,data_scope,escape_hatch,components[type=data].data[].description,
twil_smollm,cdx,knowledge_cutoff,not_disclosed,,
twil_smollm,cdx,data_curation,not_disclosed,,
twil_smollm,cdx,unsuitable_data_measures,not_disclosed,,
twil_smollm,cdx,personal_data,not_disclosed,,
twil_smollm,cdx,data_bias_measures,not_disclosed,,
twil_smollm,cdx,training_method,unplaceable,modelCard.modelParameters.approach.type,modelParameters.approach.type is a 5-value enum; prose needs human classification
twil_smollm,cdx,design_rationale,escape_hatch,modelCard.properties[name=designRationale],
twil_smollm,cdx,hyperparameters,not_disclosed,,
twil_smollm,cdx,training_hardware,not_disclosed,,
twil_smollm,cdx,training_time,not_disclosed,,
twil_smollm,cdx,training_compute,not_disclosed,,
twil_smollm,cdx,compute_methodology,not_disclosed,,
twil_smollm,cdx,training_energy,not_disclosed,,
twil_smollm,cdx,energy_methodology,not_disclosed,,
twil_smollm,cdx,carbon_emissions,not_disclosed,,
twil_smollm,cdx,inference_compute,not_disclosed,,
twil_smollm,cdx,intended_uses,placed,considerations.useCases,
twil_smollm,cdx,out_of_scope_uses,escape_hatch,modelCard.considerations.technicalLimitations[],
twil_smollm,cdx,target_systems,not_disclosed,,
twil_smollm,cdx,integration_means,escape_hatch,components[].externalReferences[type=documentation],
twil_smollm,cdx,required_hardware,escape_hatch,modelCard.properties[name=requiredHardware],
twil_smollm,cdx,required_software,placed,dependencies,
twil_smollm,cdx,limitations,placed,considerations.technicalLimitations,
twil_smollm,cdx,languages,escape_hatch,modelCard.properties[name=language],
twil_smollm,cdx,eval_results,placed,quantitativeAnalysis.performanceMetrics,
twil_smollm,cdx,eval_datasets,placed,modelParameters.datasets,
twil_smollm,cdx,eval_methodology,escape_hatch,modelCard.quantitativeAnalysis.properties,
twil_smollm,cdx,safety_evaluation,not_disclosed,,
twil_smollm,cdx,bias_fairness_evaluation,not_disclosed,,
twil_smollm,cdx,autonomy,not_disclosed,,
twil_smollm,cdx,explainability,not_disclosed,,
twil_smollm,cdx,standards_compliance,not_disclosed,,
twil_smollm,cdx,base_model,placed,pedigree.ancestors,
twil_smollm,cdx,base_model_relation,escape_hatch,components[].pedigree.notes,
twil_smollm,cdx,distribution_channels,escape_hatch,components[].properties,externalReferences need a URL per channel; stated channels are prose
twil_smollm,cdx,download_location,placed,externalReferences[distribution],
twil_smollm,eu,provider_name,placed,legal_name_for_the_model_provider,
twil_smollm,eu,model_name,placed,model_name,
twil_smollm,eu,model_version,placed,model_name,
twil_smollm,eu,model_authenticity,placed,model_authenticity,
twil_smollm,eu,release_date,not_disclosed,,
twil_smollm,eu,eu_release_date,not_disclosed,,
twil_smollm,eu,license,placed,"license, license_2",
twil_smollm,eu,acceptable_use_policy,not_disclosed,,
twil_smollm,eu,access_conditions,no_field,,
twil_smollm,eu,additional_assets,placed,license_3,
twil_smollm,eu,architecture_family,placed,model_architecture,
twil_smollm,eu,architecture_details,placed,design_specifications_of_the_model,
twil_smollm,eu,param_count,placed,"total_model_size, total_model_size_2",
twil_smollm,eu,input_modalities,placed,input_modalities,
twil_smollm,eu,max_input_size,placed,input_modalities_maximum_size,
twil_smollm,eu,output_modalities,placed,output_modalities_modalities,
twil_smollm,eu,max_output_size,not_disclosed,,
twil_smollm,eu,task,no_field,,
twil_smollm,eu,weights_precision,no_field,,
twil_smollm,eu,training_datasets,not_disclosed,,
twil_smollm,eu,data_modality,not_disclosed,,
twil_smollm,eu,data_provenance,placed,data_provenance_select_all_that_apply,
twil_smollm,eu,data_acquisition,placed,how_data_was_obtained_and_selected,
twil_smollm,eu,training_data_size,not_disclosed,,
twil_smollm,eu,data_scope,placed,scope_and_main_characteristics,
twil_smollm,eu,knowledge_cutoff,not_disclosed,,
twil_smollm,eu,data_curation,not_disclosed,,
twil_smollm,eu,unsuitable_data_measures,not_disclosed,,
twil_smollm,eu,personal_data,not_disclosed,,
twil_smollm,eu,data_bias_measures,not_disclosed,,
twil_smollm,eu,training_method,placed,design_specifications_of_the_training_process,
twil_smollm,eu,design_rationale,placed,decision_rationale,
twil_smollm,eu,hyperparameters,not_disclosed,,
twil_smollm,eu,training_hardware,not_disclosed,,
twil_smollm,eu,training_time,not_disclosed,,
twil_smollm,eu,training_compute,not_disclosed,,
twil_smollm,eu,compute_methodology,not_disclosed,,
twil_smollm,eu,training_energy,not_disclosed,,
twil_smollm,eu,energy_methodology,not_disclosed,,
twil_smollm,eu,carbon_emissions,not_disclosed,,
twil_smollm,eu,inference_compute,not_disclosed,,
twil_smollm,eu,intended_uses,placed,intended_uses,
twil_smollm,eu,out_of_scope_uses,placed,type_and_nature_of_ai_systems_in_which_the_general,
twil_smollm,eu,target_systems,not_disclosed,,
twil_smollm,eu,integration_means,placed,technical_means_for_model_integration,
twil_smollm,eu,required_hardware,placed,required_hardware,
twil_smollm,eu,required_software,placed,required_software,
twil_smollm,eu,limitations,no_field,,
twil_smollm,eu,languages,no_field,,
twil_smollm,eu,eval_results,no_field,,
twil_smollm,eu,eval_datasets,no_field,,
twil_smollm,eu,eval_methodology,no_field,,
twil_smollm,eu,safety_evaluation,not_disclosed,,
twil_smollm,eu,bias_fairness_evaluation,not_disclosed,,
twil_smollm,eu,autonomy,not_disclosed,,
twil_smollm,eu,explainability,not_disclosed,,
twil_smollm,eu,standards_compliance,not_disclosed,,
twil_smollm,eu,base_model,placed,model_dependencies,
twil_smollm,eu,base_model_relation,placed,model_dependencies,
twil_smollm,eu,distribution_channels,placed,"distribution_channels, distribution_channels_2",
twil_smollm,eu,download_location,placed,distribution_channels,
